component,odds,k_reps,n_deg,power,k,nuisance,draw,n_down,pc_padj
analytic,3.1,,5.0,0.0476,,,,,
analytic,3.1,,10.0,0.23,,,,,
analytic,3.1,,15.0,0.3973,,,,,
analytic,3.1,,20.0,0.5408,,,,,
analytic,3.1,,30.0,0.7261,,,,,
analytic,3.1,,40.0,0.8446,,,,,
analytic,3.1,,60.0,0.9726,,,,,
analytic,3.1,,80.0,0.9903,,,,,
analytic,3.1,,120.0,0.9995,,,,,
analytic,3.1,,200.0,1.0,,,,,
analytic,3.1,,300.0,1.0,,,,,
analytic,3.1,,500.0,1.0,,,,,
analytic,7.0,,5.0,0.5773,,,,,
analytic,7.0,,10.0,0.707,,,,,
analytic,7.0,,15.0,0.9104,,,,,
analytic,7.0,,20.0,0.9704,,,,,
analytic,7.0,,30.0,0.9978,,,,,
analytic,7.0,,40.0,0.9998,,,,,
analytic,7.0,,60.0,1.0,,,,,
analytic,7.0,,80.0,1.0,,,,,
analytic,7.0,,120.0,1.0,,,,,
analytic,7.0,,200.0,1.0,,,,,
analytic,7.0,,300.0,1.0,,,,,
analytic,7.0,,500.0,1.0,,,,,
,,,,,2.0,0.0,0.0,0.0,
,,,,,2.0,0.0,1.0,0.0,
,,,,,2.0,0.0,2.0,0.0,
,,,,,2.0,0.0,3.0,451.0,2.6137221334030504e-22
,,,,,2.0,0.0,4.0,279.0,2.991027607984732e-09
,,,,,2.0,0.0,5.0,0.0,
,,,,,2.0,0.0,6.0,4.0,1.0
,,,,,2.0,0.0,7.0,13.0,0.38536454368295103
,,,,,2.0,0.0,8.0,8.0,1.0
,,,,,2.0,0.0,9.0,0.0,
,,,,,2.0,0.0,10.0,0.0,
,,,,,2.0,0.0,11.0,0.0,
,,,,,2.0,0.0,12.0,1.0,
,,,,,2.0,0.0,13.0,7.0,0.3171377465681042
,,,,,2.0,0.0,14.0,30.0,0.7792717131261366
,,,,,2.0,0.0,15.0,0.0,
,,,,,2.0,0.0,16.0,4.0,0.27125363556718474
,,,,,2.0,0.0,17.0,315.0,6.479442750165776e-11
,,,,,2.0,0.0,18.0,0.0,
,,,,,2.0,0.0,19.0,0.0,
,,,,,3.0,0.0,0.0,0.0,
,,,,,3.0,0.0,1.0,1.0,
,,,,,3.0,0.0,2.0,0.0,
,,,,,3.0,0.0,3.0,0.0,
,,,,,3.0,0.0,4.0,0.0,
,,,,,3.0,0.0,5.0,0.0,
,,,,,3.0,0.0,6.0,0.0,
,,,,,3.0,0.0,7.0,0.0,
,,,,,3.0,0.0,8.0,1.0,
,,,,,3.0,0.0,9.0,0.0,
,,,,,3.0,0.0,10.0,0.0,
,,,,,3.0,0.0,11.0,21.0,0.7437618548176662
,,,,,3.0,0.0,12.0,1.0,
,,,,,3.0,0.0,13.0,6.0,0.6664423990945876
,,,,,3.0,0.0,14.0,19.0,0.10414590576283808
,,,,,3.0,0.0,15.0,0.0,
,,,,,3.0,0.0,16.0,6.0,0.4920823390763665
,,,,,3.0,0.0,17.0,0.0,
,,,,,3.0,0.0,18.0,0.0,
,,,,,3.0,0.0,19.0,0.0,
,,,,,3.0,2.0,0.0,0.0,
,,,,,3.0,2.0,1.0,4.0,0.27125363556718474
,,,,,3.0,2.0,2.0,5.0,1.0
,,,,,3.0,2.0,3.0,455.0,2.6137221334030504e-22
,,,,,3.0,2.0,4.0,0.0,
,,,,,3.0,2.0,5.0,118.0,5.773522248930865e-05
,,,,,3.0,2.0,6.0,317.0,4.384695275843547e-13
,,,,,3.0,2.0,7.0,0.0,
,,,,,3.0,2.0,8.0,0.0,
,,,,,3.0,2.0,9.0,520.0,4.916955518517982e-11
,,,,,3.0,2.0,10.0,65.0,0.015468262368837693
,,,,,3.0,2.0,11.0,0.0,
,,,,,3.0,2.0,12.0,0.0,
,,,,,3.0,2.0,13.0,55.0,0.0028518186146770305
,,,,,3.0,2.0,14.0,0.0,
,,,,,3.0,2.0,15.0,3.0,1.0
,,,,,3.0,2.0,16.0,11.0,0.6352170046545766
,,,,,3.0,2.0,17.0,46.0,0.014377956389145364
,,,,,3.0,2.0,18.0,0.0,
,,,,,3.0,2.0,19.0,3.0,0.9171107279053081
,,,,,4.0,0.0,0.0,0.0,
,,,,,4.0,0.0,1.0,0.0,
,,,,,4.0,0.0,2.0,0.0,
,,,,,4.0,0.0,3.0,0.0,
,,,,,4.0,0.0,4.0,7.0,0.10105568981352507
,,,,,4.0,0.0,5.0,0.0,
,,,,,4.0,0.0,6.0,1.0,
,,,,,4.0,0.0,7.0,0.0,
,,,,,4.0,0.0,8.0,0.0,
,,,,,4.0,0.0,9.0,2.0,
,,,,,4.0,0.0,10.0,0.0,
,,,,,4.0,0.0,11.0,0.0,
,,,,,4.0,0.0,12.0,95.0,2.5584129290932928e-06
,,,,,4.0,0.0,13.0,0.0,
,,,,,4.0,0.0,14.0,0.0,
,,,,,4.0,0.0,15.0,478.0,0.00023643925099782215
,,,,,4.0,0.0,16.0,0.0,
,,,,,4.0,0.0,17.0,0.0,
,,,,,4.0,0.0,18.0,0.0,
,,,,,4.0,0.0,19.0,0.0,
,,,,,4.0,2.0,0.0,3.0,1.0
,,,,,4.0,2.0,1.0,0.0,
,,,,,4.0,2.0,2.0,0.0,
,,,,,4.0,2.0,3.0,0.0,
,,,,,4.0,2.0,4.0,0.0,
,,,,,4.0,2.0,5.0,0.0,
,,,,,4.0,2.0,6.0,0.0,
,,,,,4.0,2.0,7.0,0.0,
,,,,,4.0,2.0,8.0,5.0,1.0
,,,,,4.0,2.0,9.0,36.0,0.000434815629522612
,,,,,4.0,2.0,10.0,0.0,
,,,,,4.0,2.0,11.0,98.0,4.645085147729326e-06
,,,,,4.0,2.0,12.0,0.0,
,,,,,4.0,2.0,13.0,7.0,0.20211137962705014
,,,,,4.0,2.0,14.0,0.0,
,,,,,4.0,2.0,15.0,0.0,
,,,,,4.0,2.0,16.0,67.0,0.0024773297170649785
,,,,,4.0,2.0,17.0,3.0,0.6114071519368721
,,,,,4.0,2.0,18.0,4.0,1.0
,,,,,4.0,2.0,19.0,1.0,
,,,,,6.0,0.0,0.0,4.0,1.0
,,,,,6.0,0.0,1.0,3.0,1.0
,,,,,6.0,0.0,2.0,0.0,
,,,,,6.0,0.0,3.0,0.0,
,,,,,6.0,0.0,4.0,0.0,
,,,,,6.0,0.0,5.0,16.0,0.007695786422232232
,,,,,6.0,0.0,6.0,0.0,
,,,,,6.0,0.0,7.0,0.0,
,,,,,6.0,0.0,8.0,18.0,0.014203888039910214
,,,,,6.0,0.0,9.0,0.0,
,,,,,6.0,0.0,10.0,0.0,
,,,,,6.0,0.0,11.0,1.0,
,,,,,6.0,0.0,12.0,2.0,
,,,,,6.0,0.0,13.0,3.0,1.0
,,,,,6.0,0.0,14.0,0.0,
,,,,,6.0,0.0,15.0,46.0,0.02197077369433904
,,,,,6.0,0.0,16.0,1.0,
,,,,,6.0,0.0,17.0,0.0,
,,,,,6.0,0.0,18.0,0.0,
,,,,,6.0,0.0,19.0,0.0,
,,,,,6.0,2.0,0.0,0.0,
,,,,,6.0,2.0,1.0,0.0,
,,,,,6.0,2.0,2.0,0.0,
,,,,,6.0,2.0,3.0,0.0,
,,,,,6.0,2.0,4.0,0.0,
,,,,,6.0,2.0,5.0,0.0,
,,,,,6.0,2.0,6.0,0.0,
,,,,,6.0,2.0,7.0,0.0,
,,,,,6.0,2.0,8.0,0.0,
,,,,,6.0,2.0,9.0,0.0,
,,,,,6.0,2.0,10.0,0.0,
,,,,,6.0,2.0,11.0,3.0,1.0
,,,,,6.0,2.0,12.0,0.0,
,,,,,6.0,2.0,13.0,0.0,
,,,,,6.0,2.0,14.0,0.0,
,,,,,6.0,2.0,15.0,1.0,
,,,,,6.0,2.0,16.0,0.0,
,,,,,6.0,2.0,17.0,14.0,0.8904580237279386
,,,,,6.0,2.0,18.0,0.0,
,,,,,6.0,2.0,19.0,17.0,0.723609730051384
,,,,,8.0,0.0,0.0,143.0,1.3012700594261112e-06
,,,,,8.0,0.0,1.0,101.0,4.666188588546688e-05
,,,,,8.0,0.0,2.0,0.0,
,,,,,8.0,0.0,3.0,61.0,0.0009446104921055056
,,,,,8.0,0.0,4.0,55.0,0.07497757673982834
,,,,,8.0,0.0,5.0,21.0,0.26482067611540183
,,,,,8.0,0.0,6.0,96.0,0.011723835720641444
,,,,,8.0,0.0,7.0,42.0,9.992001954103522e-05
,,,,,8.0,0.0,8.0,0.0,
,,,,,8.0,0.0,9.0,90.0,0.02266911914428401
,,,,,8.0,0.0,10.0,77.0,0.002140781506545304
,,,,,8.0,0.0,11.0,29.0,0.0015480270837186514
,,,,,8.0,0.0,12.0,10.0,0.3942996336005804
,,,,,8.0,0.0,13.0,45.0,0.0013389999639607702
,,,,,8.0,0.0,14.0,10.0,0.6154664780180366
,,,,,8.0,0.0,15.0,64.0,0.0006175440498862806
,,,,,8.0,0.0,16.0,76.0,0.2426661256619828
,,,,,8.0,0.0,17.0,0.0,
,,,,,8.0,0.0,18.0,61.0,0.06522753968663704
,,,,,8.0,0.0,19.0,11.0,0.28816153773891107
,,,,,8.0,2.0,0.0,23.0,0.03972174681472905
,,,,,8.0,2.0,1.0,1.0,
,,,,,8.0,2.0,2.0,0.0,
,,,,,8.0,2.0,3.0,92.0,6.600518247738272e-06
,,,,,8.0,2.0,4.0,5.0,0.6625755916155286
,,,,,8.0,2.0,5.0,8.0,1.0
,,,,,8.0,2.0,6.0,20.0,0.20829181152567616
,,,,,8.0,2.0,7.0,3.0,0.27125363556718474
,,,,,8.0,2.0,8.0,0.0,
,,,,,8.0,2.0,9.0,1.0,
,,,,,8.0,2.0,10.0,66.0,0.010761906464603932
,,,,,8.0,2.0,11.0,6.0,0.37117386839555916
,,,,,8.0,2.0,12.0,0.0,
,,,,,8.0,2.0,13.0,0.0,
,,,,,8.0,2.0,14.0,18.0,0.04138524946125735
,,,,,8.0,2.0,15.0,1.0,
,,,,,8.0,2.0,16.0,1.0,
,,,,,8.0,2.0,17.0,3.0,0.9171107279053081
,,,,,8.0,2.0,18.0,0.0,
,,,,,8.0,2.0,19.0,0.0,
,,,,,12.0,0.0,0.0,82.0,4.527411339056743e-09
,,,,,12.0,0.0,1.0,97.0,7.51913142605037e-06
,,,,,12.0,0.0,2.0,82.0,1.9869498655739193e-08
,,,,,12.0,0.0,3.0,155.0,2.1637034453082933e-09
,,,,,12.0,0.0,4.0,108.0,4.815026174381818e-08
,,,,,12.0,0.0,5.0,94.0,1.2733910751582913e-11
,,,,,12.0,0.0,6.0,95.0,2.627410384967212e-14
,,,,,12.0,0.0,7.0,117.0,8.219798728035404e-11
,,,,,12.0,0.0,8.0,76.0,6.0941133416732053e-05
,,,,,12.0,0.0,9.0,82.0,1.1768017718642209e-07
,,,,,12.0,0.0,10.0,75.0,1.6471736386547346e-07
,,,,,12.0,0.0,11.0,166.0,5.823886030039913e-09
,,,,,12.0,0.0,12.0,83.0,6.329166894774178e-07
,,,,,12.0,0.0,13.0,75.0,4.7278733447099696e-07
,,,,,12.0,0.0,14.0,96.0,2.937183868011196e-07
,,,,,12.0,0.0,15.0,92.0,1.705242224265294e-09
,,,,,12.0,0.0,16.0,88.0,2.869992899770712e-06
,,,,,12.0,0.0,17.0,100.0,3.68037737556804e-09
,,,,,12.0,0.0,18.0,54.0,0.00043306574689918465
,,,,,12.0,0.0,19.0,104.0,1.153711617183946e-06
,,,,,12.0,2.0,0.0,95.0,3.4791964454323233e-06
,,,,,12.0,2.0,1.0,117.0,1.0767386999616651e-12
,,,,,12.0,2.0,2.0,143.0,2.280061155478016e-09
,,,,,12.0,2.0,3.0,31.0,0.04081412193889398
,,,,,12.0,2.0,4.0,106.0,5.097797345850587e-09
,,,,,12.0,2.0,5.0,71.0,0.00011578177576699071
,,,,,12.0,2.0,6.0,58.0,0.0014456064618202672
,,,,,12.0,2.0,7.0,162.0,5.316825615312342e-11
,,,,,12.0,2.0,8.0,90.0,3.8104618554009973e-06
,,,,,12.0,2.0,9.0,133.0,1.1736354769158497e-07
,,,,,12.0,2.0,10.0,78.0,1.170010960599829e-07
,,,,,12.0,2.0,11.0,98.0,1.7775227655719382e-09
,,,,,12.0,2.0,12.0,94.0,2.5501217511597947e-12
,,,,,12.0,2.0,13.0,110.0,2.697607453732652e-11
,,,,,12.0,2.0,14.0,104.0,3.455462657468585e-07
,,,,,12.0,2.0,15.0,74.0,5.6716232311987795e-09
,,,,,12.0,2.0,16.0,12.0,0.962951020074543
,,,,,12.0,2.0,17.0,86.0,5.505799507604849e-06
,,,,,12.0,2.0,18.0,98.0,4.3421606150800583e-10
,,,,,12.0,2.0,19.0,146.0,1.6233390767567954e-05
,,,,,16.0,0.0,0.0,117.0,4.6676717283166433e-07
,,,,,16.0,0.0,1.0,117.0,4.6676717283166433e-07
,,,,,16.0,0.0,2.0,117.0,4.6676717283166433e-07
,,,,,16.0,0.0,3.0,117.0,4.6676717283166433e-07
,,,,,16.0,0.0,4.0,117.0,4.6676717283166433e-07
,,,,,16.0,0.0,5.0,117.0,4.6676717283166433e-07
,,,,,16.0,0.0,6.0,117.0,4.6676717283166433e-07
,,,,,16.0,0.0,7.0,117.0,4.6676717283166433e-07
,,,,,16.0,0.0,8.0,117.0,4.6676717283166433e-07
,,,,,16.0,0.0,9.0,117.0,4.6676717283166433e-07
,,,,,16.0,0.0,10.0,117.0,4.6676717283166433e-07
,,,,,16.0,0.0,11.0,117.0,4.6676717283166433e-07
,,,,,16.0,0.0,12.0,117.0,4.6676717283166433e-07
,,,,,16.0,0.0,13.0,117.0,4.6676717283166433e-07
,,,,,16.0,0.0,14.0,117.0,4.6676717283166433e-07
,,,,,16.0,0.0,15.0,117.0,4.6676717283166433e-07
,,,,,16.0,0.0,16.0,117.0,4.6676717283166433e-07
,,,,,16.0,0.0,17.0,117.0,4.6676717283166433e-07
,,,,,16.0,0.0,18.0,117.0,4.6676717283166433e-07
,,,,,16.0,0.0,19.0,117.0,4.6676717283166433e-07
,,,,,16.0,2.0,0.0,99.0,2.767894971675763e-07
,,,,,16.0,2.0,1.0,112.0,8.674867564579694e-08
,,,,,16.0,2.0,2.0,127.0,1.4057968992728746e-08
,,,,,16.0,2.0,3.0,110.0,4.96286698178198e-09
,,,,,16.0,2.0,4.0,128.0,2.925816436569132e-11
,,,,,16.0,2.0,5.0,127.0,1.3477159146219023e-07
,,,,,16.0,2.0,6.0,117.0,4.6676717283166433e-07
,,,,,16.0,2.0,7.0,115.0,8.113878440021527e-11
,,,,,16.0,2.0,8.0,129.0,2.1095749082102206e-09
,,,,,16.0,2.0,9.0,118.0,4.6676717283166433e-07
,,,,,16.0,2.0,10.0,101.0,0.00028414620717281106
,,,,,16.0,2.0,11.0,117.0,6.064702572374941e-07
,,,,,16.0,2.0,12.0,127.0,4.08157312577913e-09
,,,,,16.0,2.0,13.0,102.0,7.319793115660295e-08
,,,,,16.0,2.0,14.0,123.0,5.119531600783657e-08
,,,,,16.0,2.0,15.0,108.0,3.1849603523353097e-07
,,,,,16.0,2.0,16.0,88.0,6.048694557050472e-07
,,,,,16.0,2.0,17.0,110.0,2.3225906011443845e-06
,,,,,16.0,2.0,18.0,56.0,1.0771637395417981e-07
,,,,,16.0,2.0,19.0,118.0,1.4023389848418697e-07
