GO,name,OSD37_fold,OSD37_padj,OSD314_n,OSD314_fold,OSD314_p
GO:0020037,heme binding,7.195527114395039,2.6108563540769615e-10,4,20.334650856389988,4.0041542715243675e-05
GO:0140825,lactoperoxidase activity,14.372779874213835,2.1051388041750964e-08,1,18.91421568627451,0.05228914473034026
GO:0042744,hydrogen peroxide catabolic process,13.645044184380223,2.303250863938749e-08,1,17.863425925925924,0.05523978925623403
GO:0004601,peroxidase activity,11.0939124243503,2.689646163824223e-08,1,13.124149659863944,0.07420852782093663
GO:0098869,cellular oxidant detoxification,8.84176478933182,2.2391475407839013e-07,1,10.372311827956988,0.09281717123096662
GO:0005576,extracellular region,2.812750471156554,3.10516685543173e-05,4,7.370582617000955,0.0018216628865515847
GO:0004497,monooxygenase activity,5.764483906770255,8.364268741517162e-05,3,26.795138888888886,0.00019040622305323255
GO:0016705,"oxidoreductase activity, acting on paired donors, with incorporation or reduction of molecular oxygen",5.212565234845443,0.00016587581002105634,3,23.96583850931677,0.00026278603100466345
GO:0005506,iron ion binding,4.58705740666399,0.00017651653871229668,4,24.974110032362457,1.8166416395852987e-05
GO:0016020,membrane,1.7791616996204493,0.00017651653871229668,3,1.525098814229249,0.31379140097872155
