padj,lfc,n_up,S11,S12,S13,S15
0.01,0.5,456,1.2852373019530003,1.0575904570528984,1.4058013872596857,2.616503184417275
0.01,1.0,241,2.261853631932372,1.329454995305899,2.299261689909762,3.2125438288920054
0.01,2.0,88,3.816214359326692,1.751008174386921,3.507977788711605,1.5409164172231176
0.05,0.5,998,1.693848128299014,1.2047092356339064,2.0494717530208137,2.9137255077271083
0.05,1.0,508,3.2364842881544345,1.9774905243826195,2.853645833333333,3.3943842718546278
0.05,2.0,189,6.658854166666667,3.3356575674634974,3.5671728199020776,1.4340766213529632
0.1,0.5,1415,1.4562804559251243,1.1818558227606453,2.0886217724812584,2.9409390301007163
0.1,1.0,709,2.8753833654176946,1.855058621705818,2.714110644257703,3.15726865967626
0.1,2.0,231,6.198884454713062,3.162037768647282,3.3594890510948905,1.4685065049536368
