agi,state,log2fc,padj,desc
AT4G28520,S11,1.9874938823395876,0.046630204798432,
AT4G26740,S11,1.9261301844691512,0.0147930284548953,
AT4G25140,S11,1.6954957926164969,0.0275328854794828,
AT5G40420,S12,1.6592861322348698,0.0348426363330149,
AT3G22500,S11,1.6468336854715542,0.0259878034073442,
AT4G09600,S12,1.6070282319418,0.0077361408345223,
AT1G27461,S11,1.5273585525416435,0.0073035559761662,
AT5G55240,S11,1.50462336614144,0.0463235410401417,
AT3G22490,S12,1.49150687511752,0.0346096633685888,
AT2G28490,S12,1.4746779668027945,0.0455484747657778,
AT1G04560,S11,1.4599615153080243,0.0116966237107629,
AT5G62800,S12,1.4535633564623591,0.0076439703608948,
AT3G51810,S13,1.415417320210442,0.020476248671621,
AT2G42560,S11,1.3417724055314548,0.0406747386541181,
AT4G31830,S11,1.3070415635451735,0.0043330433039018,
AT3G15670,S13,1.2528747954297788,0.0378294939433492,
AT2G02120,S13,1.232480505040724,0.008792839036663,
AT1G52690,S13,1.2269961632996411,0.0221773404981598,
AT2G40220,S11,1.2194988731911245,0.0346096633685888,
AT2G29380,S13,1.210228320616312,0.0009376121478612,
AT5G22470,S12,1.1777164750155242,0.0435359757074944,
AT1G77950,S12,1.161975703977458,0.0139461890413356,
AT4G25010,S12,1.1325704769094846,0.0398890640875576,
AT4G18650,S15,1.1265995112926617,0.0432378915770925,
AT2G36640,S11,1.1236009937132574,0.0485203841114683,
AT4G13480,S11,1.118707104337493,0.0061042496289653,
AT5G51760,S11,1.1165537181241814,0.0321157137496482,
AT4G34210,S11,1.0348452471363458,0.0263220104025791,
AT3G19920,S12,1.0347268016495124,0.0484505953458327,
