contrast,agi,state,log2fc,padj
published,AT1G04560,S11,1.4599615153080236,0.0116966237107629
published,AT1G27461,S11,1.527358552541643,0.0073035559761668
published,AT1G52690,S13,1.2269961632996405,0.0221773404981599
published,AT1G77950,S12,1.161975703977458,0.0139461890413356
published,AT2G02120,S13,1.2324805050407233,0.0087928390366626
published,AT2G28490,S12,1.4746779668027934,0.0455484747657765
published,AT2G29380,S13,1.2102283206163118,0.0009376121478611
published,AT2G36640,S11,1.123600993713257,0.0485203841114677
published,AT2G40220,S11,1.2194988731911254,0.0346096633685899
published,AT2G42560,S11,1.3417724055314546,0.0406747386541181
published,AT3G15670,S13,1.2528747954297788,0.0378294939433487
published,AT3G19920,S12,1.0347268016495124,0.0484505953458327
published,AT3G22490,S12,1.4915068751175211,0.0346096633685899
published,AT3G22500,S11,1.6468336854715544,0.0259878034073442
published,AT3G51810,S13,1.4154173202104416,0.0204762486716213
published,AT4G09600,S12,1.6070282319418,0.0077361408345223
published,AT4G13480,S11,1.118707104337493,0.0061042496289655
published,AT4G18650,S15,1.126599511292662,0.0432378915770925
published,AT4G25010,S12,1.1325704769094846,0.039889064087555
published,AT4G25140,S11,1.6954957926164969,0.0275328854794828
published,AT4G26740,S11,1.9261301844691512,0.0147930284548949
published,AT4G28520,S11,1.987493882339588,0.0466302047984313
published,AT4G31830,S11,1.3070415635451738,0.0043330433039018
published,AT4G34210,S11,1.034845247136346,0.0263220104025789
published,AT5G22470,S12,1.1777164750155238,0.043535975707494
published,AT5G40420,S12,1.65928613223487,0.0348426363330149
published,AT5G51760,S11,1.1165537181241818,0.0321157137496493
published,AT5G55240,S11,1.50462336614144,0.0463235410401417
published,AT5G62800,S12,1.4535633564623596,0.0076439703608948
0g_light,AT1G02310,S15,1.2216680144965055,0.0084003164082836
0g_light,AT1G02770,S13,1.1724028439046794,0.0026909255169087
0g_light,AT1G04220,S13,1.391950632086666,0.0006238530440581
0g_light,AT1G04560,S11,5.2100461667996765,0.0008348995862682
0g_light,AT1G07645,S11,2.2775827645828155,0.0467693693411728
0g_light,AT1G08290,S13,1.5489207295909193,0.000728156595859
0g_light,AT1G08430,S12,1.2336494997904748,0.0032265101880216
0g_light,AT1G08440,S12,1.7505284303801558,0.0064234457769242
0g_light,AT1G08860,S12,1.3071723681365937,0.0265976752984026
0g_light,AT1G10480,S15,1.519999358711473,0.0006517932061812
0g_light,AT1G11580,S13,1.5106920548005878,0.000132733157245
0g_light,AT1G12950,S15,2.557742012196112,7.424551235865053e-05
0g_light,AT1G13130,S13,1.7178621048787328,0.0153822133622079
0g_light,AT1G14110,S12,1.630471231307876,0.0094314607746
0g_light,AT1G14240,S15,1.166359746614501,0.0103852764890929
0g_light,AT1G15640,S15,2.085493853542373,0.0016265984994479
0g_light,AT1G18193,S11,1.1496670389721897,0.034865135085807
0g_light,AT1G20070,S13,2.300292983872121,0.000281860241791
0g_light,AT1G20080,S12,1.9082355156748372,0.0162109321546058
0g_light,AT1G20900,S15,1.1841415005090077,0.0002391406873252
0g_light,AT1G20990,S12,1.141020954384037,0.0465873259304258
0g_light,AT1G27461,S11,3.4706663257523656,0.0076148672065358
0g_light,AT1G27990,S11,4.219927079407993,0.0019438633529387
0g_light,AT1G28170,S12,5.208686531092,0.0003669897229709
0g_light,AT1G28640,S12,2.073868606150629,0.0144088047447758
0g_light,AT1G29050,S13,1.4873592559583548,0.0008693044047996
0g_light,AT1G31670,S12,1.8669632173774873,0.0044731043213823
0g_light,AT1G33090,S12,1.035858016930131,0.0191051901317345
0g_light,AT1G33790,S13,1.3598254839748352,0.001411468110007
0g_light,AT1G35250,S15,1.567850608898332,0.0004408941091866
0g_light,AT1G35910,S13,1.12048041807547,0.0023948083103636
0g_light,AT1G44090,S13,2.095684241532006,0.0158805653933308
0g_light,AT1G48130,S12,2.5658927678062837,0.0130664395060629
0g_light,AT1G48990,S11,3.2439040527248753,0.0058611264833258
0g_light,AT1G49960,S12,2.235456162927232,0.0043036785245354
0g_light,AT1G51190,S12,1.1819809090473488,0.0008981521191674
0g_light,AT1G51220,S12,1.8725341252482297,0.0456443361327084
0g_light,AT1G51820,S15,1.3187904745426091,0.0213357172033181
0g_light,AT1G52680,S12,1.6972758684630584,0.0484801416902941
0g_light,AT1G52690,S13,4.9682211471087365,0.0012291606450708
0g_light,AT1G54860,S12,3.0556588929034563,0.0164209658291132
0g_light,AT1G54870,S12,4.095073031166942,0.0142569505340027
0g_light,AT1G55430,S15,1.4687485936506652,0.0018560648829221
0g_light,AT1G55440,S11,1.495517625738621,0.0327492886226837
0g_light,AT1G58037,S15,1.1534283726346584,0.0012384547519537
0g_light,AT1G59730,S12,1.716602016462727,0.0024866951318827
0g_light,AT1G60360,S12,1.115910164875466,0.0115379068907776
0g_light,AT1G61840,S15,3.83405144011055,0.0001887868389297
0g_light,AT1G62560,S13,2.853126197033572,0.0095135683598178
0g_light,AT1G63055,S12,1.5567602143520929,0.0444483283560562
0g_light,AT1G63910,S12,1.456444237939165,0.0095733006488633
0g_light,AT1G65330,S12,1.8067765867612744,0.0020404796932035
0g_light,AT1G66470,S12,1.279024690791774,0.0011785261542577
0g_light,AT1G68360,S15,1.3350822981804602,0.0010808104387719
0g_light,AT1G68825,S13,1.56444691726631,0.0196673458806903
0g_light,AT1G69560,S13,2.593315474033665,0.0019344116925914
0g_light,AT1G69880,S13,3.693873543836783,0.0014594726481931
0g_light,AT1G70270,S12,3.8388568065006505,0.0142876244265944
0g_light,AT1G70500,S13,1.0134342114453396,0.0201424269271985
0g_light,AT1G71000,S11,3.3643702417854184,0.0157668199165708
0g_light,AT1G72140,S15,2.11092655618163,0.0002421962029255
0g_light,AT1G73010,S13,1.0726123686776294,0.0008693044047996
0g_light,AT1G75830,S12,2.015660590119582,0.0267348497889441
0g_light,AT1G77950,S12,4.1911037272294305,0.003675269423666
0g_light,AT1G80730,S13,1.433324568793646,0.019034526278929
0g_light,AT2G02000,S12,2.139328510331319,0.0041150326054119
0g_light,AT2G02120,S13,3.998764222877277,0.0098571285655329
0g_light,AT2G02620,S12,4.834131284147533,0.0009036995762103
0g_light,AT2G02630,S15,2.0797456182981824,0.0005328009175008
0g_light,AT2G02680,S15,2.95953718847683,0.0002283335862175
0g_light,AT2G02700,S12,3.076471535427581,0.0020507690202468
0g_light,AT2G03500,S12,1.1767635973786292,0.0005491456078866
0g_light,AT2G05530,S12,1.999641790918457,0.0304490867595603
0g_light,AT2G05580,S12,4.186560971411704,0.0133446312707207
0g_light,AT2G15010,S12,3.226304743158403,0.0325712911408786
0g_light,AT2G16005,S13,1.3621121241992162,0.0021618777151319
0g_light,AT2G16890,S13,1.0483081170424924,0.0243521171379209
0g_light,AT2G17940,S11,1.162629089053125,0.0413671253029494
0g_light,AT2G18150,S12,2.115119028047359,0.0233870428624461
0g_light,AT2G18370,S15,2.341872129693589,0.0002042887653662
0g_light,AT2G18480,S13,2.164002330724902,0.0054851710266574
0g_light,AT2G18540,S13,1.9067773094875435,0.0337531348972359
0g_light,AT2G21100,S12,1.507274694912504,0.0023871536664885
0g_light,AT2G22510,S11,1.8645312772207456,0.0036591476987413
0g_light,AT2G23240,S12,1.8769710871705847,0.0262260232986772
0g_light,AT2G23640,S13,3.6197044533021447,0.0094255740921161
0g_light,AT2G23960,S15,1.1642196485860337,0.038383190647781
0g_light,AT2G23970,S11,1.0499049029205538,0.0351366607402619
0g_light,AT2G24430,S12,1.2931789316279825,0.0004248580612489
0g_light,AT2G25340,S12,2.383493986570965,0.0184455434649476
0g_light,AT2G26400,S12,1.1917593690323434,0.0146471215734432
0g_light,AT2G28490,S12,5.128911387426471,0.0051593946679955
0g_light,AT2G29380,S13,3.1343788929600063,0.0023115662905598
0g_light,AT2G30680,S11,2.1341543131668206,0.0049734589871686
0g_light,AT2G32460,S13,1.4644434202119605,0.0404771394794471
0g_light,AT2G33880,S12,2.9296466348661108,0.0151907735361489
0g_light,AT2G34350,S15,1.392527303314717,0.0161359870253032
0g_light,AT2G34790,S12,1.0053361041657551,0.0074734733479068
0g_light,AT2G35300,S15,2.21320278460997,0.0049073504214683
0g_light,AT2G36210,S15,1.662583455977292,0.0446915754829038
0g_light,AT2G36440,S12,1.8065020824334863,0.0097408628981869
0g_light,AT2G36640,S11,3.671610595191309,0.0091053203975478
0g_light,AT2G37810,S15,1.9453954883074016,0.0276316892570955
0g_light,AT2G38110,S13,1.6770370439928064,0.001255908344344
0g_light,AT2G38905,S13,1.8228285225141072,0.0198095213197075
0g_light,AT2G38920,S13,1.6468904266412927,0.0047177343096381
0g_light,AT2G39510,S12,3.1319142095864207,0.0025402519647835
0g_light,AT2G40170,S11,3.3204167827315767,0.0009798175152325
0g_light,AT2G40220,S11,4.682103136247409,0.0033670921668716
0g_light,AT2G40370,S12,2.2902685587733504,0.0007990399217127
0g_light,AT2G40805,S12,2.208467907402935,0.0171974090453378
0g_light,AT2G41230,S13,1.174633020570195,0.0181781965139281
0g_light,AT2G41690,S12,1.6597141864738951,0.0163456990110058
0g_light,AT2G41800,S13,1.6175167170593951,0.0008413267768554
0g_light,AT2G42560,S11,4.356399020748553,0.0086826081321589
0g_light,AT2G43660,S13,2.9326791377610175,0.0004231088516934
0g_light,AT2G44460,S13,3.620012765768525,0.0460107586246978
0g_light,AT2G44480,S13,1.2027987186128586,0.0075740418917937
0g_light,AT2G44581,S12,1.989484886958164,0.0146809581625486
0g_light,AT2G45220,S15,1.4563346535321169,0.0002016266276645
0g_light,AT2G46630,S12,1.0297909273543462,0.0210368858830439
0g_light,AT2G47870,S15,1.862221472267868,0.0085277258784595
0g_light,AT2G47950,S15,2.367688418072916,0.0026117225618298
0g_light,AT2G48090,S13,3.330056436878757,0.0001223631171208
0g_light,AT2G48130,S12,1.3548951295980711,0.0061638726073099
0g_light,AT3G03240,S15,1.4692437332041035,0.0459035348651221
0g_light,AT3G03530,S13,2.5514248248582083,0.0006118649229266
0g_light,AT3G04370,S12,2.3924059001577938,0.0018665373772158
0g_light,AT3G05860,S15,1.1475500393812648,0.022218779249292
0g_light,AT3G06360,S13,1.040975809507677,0.0029458393057068
0g_light,AT3G06990,S13,1.1748633973324611,0.0451435570905938
0g_light,AT3G07000,S13,1.462694717262513,0.0068365401892847
0g_light,AT3G07250,S11,2.20140490478389,0.0018226664013889
0g_light,AT3G07255,S12,2.728282436800892,0.0022305502083997
0g_light,AT3G09680,S11,1.0388780734233958,0.0154094720962207
0g_light,AT3G09922,S12,1.2225422321501112,0.0429021586014444
0g_light,AT3G10340,S13,1.4689075258636315,0.0014367084596117
0g_light,AT3G11260,S12,1.2601740884011787,0.0080338625289187
0g_light,AT3G11430,S13,1.8200912689568165,0.002229483825824
0g_light,AT3G12720,S12,1.7730772423764425,0.0006259060538184
0g_light,AT3G13140,S12,1.1948747476509127,0.0407278685994362
0g_light,AT3G13760,S15,3.0838848756125676,0.0001604675567939
0g_light,AT3G14370,S15,1.0761581498279302,0.0047189888177043
0g_light,AT3G15670,S13,4.656663267334271,0.0014895980691675
0g_light,AT3G16360,S12,2.832159847656984,0.0016401091227421
0g_light,AT3G17520,S13,3.587855794710088,0.0006253121001268
0g_light,AT3G18400,S12,1.086216570044941,0.0016341601655722
0g_light,AT3G19920,S12,3.88269443356363,0.0043453786945171
0g_light,AT3G20460,S15,1.174415991014673,0.0146098210074648
0g_light,AT3G20880,S12,1.234305690287912,0.0397843796179532
0g_light,AT3G21720,S12,3.3060265182468185,0.0033604247567682
0g_light,AT3G22490,S12,4.90620025586937,0.0132247241865904
0g_light,AT3G22500,S11,5.524013168939371,0.0097229523431528
0g_light,AT3G22570,S15,1.256611774750584,0.0038922629385038
0g_light,AT3G23090,S13,1.01170534019019,0.0045172042278687
0g_light,AT3G24650,S12,2.7269651830832173,0.0134522716947126
0g_light,AT3G25620,S13,1.0186050559392048,0.0214818064888379
0g_light,AT3G25640,S15,1.7034702260230787,0.0012633380611107
0g_light,AT3G25795,S15,2.71259892518241,0.0004627410752566
0g_light,AT3G27480,S11,1.6747119579081142,0.0095135683598178
0g_light,AT3G27490,S11,2.46279106399844,0.000429732221233
0g_light,AT3G27500,S13,1.8774569298324375,0.001232337076737
0g_light,AT3G27510,S15,1.5176965579761934,0.0016635310672977
0g_light,AT3G28007,S13,2.8248479594728253,0.009022041549271
0g_light,AT3G28500,S11,1.2677297433853338,0.030575683533957
0g_light,AT3G44540,S13,1.727775406244748,0.0006724107815509
0g_light,AT3G44830,S11,2.092385525400372,0.0043775122358934
0g_light,AT3G45530,S11,2.1130712655386703,0.0002022700248631
0g_light,AT3G46890,S13,1.285535838062888,0.0495009206842349
0g_light,AT3G47950,S13,1.0664671546324238,0.0070303829826402
0g_light,AT3G50180,S11,2.098060526074961,0.0048122517276629
0g_light,AT3G51810,S13,4.790570098523898,0.002953752341709
0g_light,AT3G52780,S12,1.7941980269759004,0.0237209292119908
0g_light,AT3G52790,S12,1.1109829337411343,0.02449271082549
0g_light,AT3G54340,S13,1.0658629117349696,0.0282434108614067
0g_light,AT3G54450,S12,2.129524799165944,0.0004622729726146
0g_light,AT3G54940,S11,4.983119124125615,0.0043659525270196
0g_light,AT3G55700,S15,1.5956776837633009,0.046267566008707
0g_light,AT3G56620,S15,2.782533429410369,0.0002548320628751
0g_light,AT3G56700,S13,1.3841737162965178,0.0476634554703381
0g_light,AT3G56891,S12,1.4825463990541972,0.0132889419844718
0g_light,AT3G58450,S13,2.1104210457497232,0.0293653489330331
0g_light,AT3G58860,S11,1.333901279014683,0.0144143242942658
0g_light,AT3G58875,S11,1.3260815765968084,0.0052559967634157
0g_light,AT4G01533,S12,1.296310948058854,0.0109689211594303
0g_light,AT4G01985,S12,4.5413433604789555,0.0029658557481924
0g_light,AT4G02160,S12,2.8846667599355595,0.0017669624210899
0g_light,AT4G02180,S12,1.0913367035299268,0.001088898628605
0g_light,AT4G03540,S15,2.53642390405265,0.0006697575261423
0g_light,AT4G05490,S13,1.0514446896881946,0.0329036154506559
0g_light,AT4G08868,S11,1.9279172967227665,0.0241152878528405
0g_light,AT4G09600,S12,6.154678019389522,0.0007757388837429
0g_light,AT4G11040,S12,4.834117364516238,0.002693463508596
0g_light,AT4G11290,S12,1.1542568392311865,0.0039175474934557
0g_light,AT4G12050,S12,1.0022371643129817,0.0015209811102275
0g_light,AT4G13230,S12,2.185960750474058,0.0014082476200008
0g_light,AT4G13480,S11,2.575537810529459,0.0059504561430415
0g_light,AT4G14465,S15,1.2786705091262605,0.0001472618270277
0g_light,AT4G15396,S15,1.4349531089067171,0.009853721987647
0g_light,AT4G16220,S12,1.8575585348059696,0.0436752714958857
0g_light,AT4G16447,S13,1.1553092137968093,0.0036983449176436
0g_light,AT4G17785,S12,1.4549220538022516,0.0104279640569716
0g_light,AT4G18340,S13,1.2518285449056064,0.0029911651307673
0g_light,AT4G18650,S15,2.93781444973565,0.0415861474936816
0g_light,AT4G18660,S12,1.8421072011072883,0.0185163720758289
0g_light,AT4G19720,S15,2.0379657426192677,0.0011270709371086
0g_light,AT4G20240,S12,1.6897244230825004,0.0002030829153799
0g_light,AT4G20370,S12,1.471420764658405,0.0363125633315196
0g_light,AT4G20953,S11,1.4081143050835934,0.0374891505899806
0g_light,AT4G21020,S12,2.996899862353724,0.0298959879255388
0g_light,AT4G21200,S12,1.4850960506525468,0.001255908344344
0g_light,AT4G22680,S12,1.038982655491516,0.002973097556926
0g_light,AT4G24000,S13,2.368813148903393,0.0075248276171669
0g_light,AT4G25010,S12,3.87898279260538,0.009884492016104
0g_light,AT4G25140,S11,6.129449947078654,0.0062057863486118
0g_light,AT4G25760,S12,1.9998498430239136,0.0020024450432351
0g_light,AT4G25790,S11,2.2186860198740965,0.0012062295767582
0g_light,AT4G25850,S15,1.669250663348587,0.0070636914091113
0g_light,AT4G26200,S11,1.1522481880972104,0.0479739392303903
0g_light,AT4G26740,S11,6.698357818373172,0.0082247096272411
0g_light,AT4G27140,S11,1.6015588144281865,0.0176879128932306
0g_light,AT4G28520,S11,6.619799390969059,0.0178730799191211
0g_light,AT4G28530,S15,1.169242345118953,0.0013151417904959
0g_light,AT4G28940,S15,1.1992975042968443,0.0047850310109834
0g_light,AT4G30170,S15,1.2813062899557124,0.0066898801428382
0g_light,AT4G31330,S13,1.0560254330607464,0.0342086660068495
0g_light,AT4G31830,S11,4.430866133264474,0.0009280879549032
0g_light,AT4G32810,S13,2.555197165157546,0.0008163057790535
0g_light,AT4G33330,S13,1.18814276778611,0.0180448094098088
0g_light,AT4G33450,S12,1.1789861115270917,0.0202250247263543
0g_light,AT4G33720,S12,1.6910874645575018,0.0249653481819366
0g_light,AT4G34210,S11,3.6801557481539313,0.0094520101335862
0g_light,AT4G34320,S13,1.063644179442803,0.0310670355864918
0g_light,AT4G35170,S12,1.417314173388196,0.0253897286397157
0g_light,AT4G35180,S13,2.2923997548951554,0.0026456127718887
0g_light,AT4G36610,S13,1.851099896249808,0.0015667358020761
0g_light,AT4G39590,S11,1.008098437746333,0.0163293334528483
0g_light,AT5G01870,S11,1.3173281714562597,0.008710815266069
0g_light,AT5G03795,S13,1.3696478138610635,0.00397401516181
0g_light,AT5G03890,S13,2.2772927875854725,0.0019987707006083
0g_light,AT5G05340,S12,2.8433433184183308,0.0092938843241815
0g_light,AT5G06090,S12,1.4062511484817106,0.0076148672065358
0g_light,AT5G07190,S15,3.1561688800563306,0.0130664395060629
0g_light,AT5G07330,S13,1.641170781639009,0.018556394474656
0g_light,AT5G09480,S12,1.6432145176830215,0.0023854880670288
0g_light,AT5G10510,S12,1.5002391351439186,0.0001685110552154
0g_light,AT5G13170,S13,2.601537626125402,0.0253560381023907
0g_light,AT5G15130,S15,1.094896998796289,0.0042508444038518
0g_light,AT5G15830,S15,1.329877296435666,0.0013232860671389
0g_light,AT5G18840,S13,1.2827902184279532,0.0033398512057101
0g_light,AT5G22200,S13,1.3571938585611376,0.0080258503152027
0g_light,AT5G22355,S15,1.1021095242828514,0.0020198271203504
0g_light,AT5G22470,S12,3.3874952702148353,0.032158433152959
0g_light,AT5G23020,S12,1.7950895155941198,0.0027036213572348
0g_light,AT5G23220,S11,2.290094250206519,0.0007007636037623
0g_light,AT5G25110,S15,1.0035481661139902,0.0006333685798217
0g_light,AT5G26010,S15,1.3038897527855116,9.444165527532831e-05
0g_light,AT5G26660,S15,1.1644067349441674,0.0027797543721714
0g_light,AT5G35660,S12,4.665532154180668,0.0074719690949604
0g_light,AT5G36110,S12,2.0077644748286145,0.000978952695555
0g_light,AT5G37690,S12,2.4033512528036,0.0031502611091147
0g_light,AT5G37800,S12,3.301898890646477,0.002272816067005
0g_light,AT5G37820,S12,1.439109363372857,0.0135530876277149
0g_light,AT5G38030,S15,1.264678554660468,0.0006643654770543
0g_light,AT5G39720,S12,1.9617675046043896,0.0079235655961017
0g_light,AT5G39890,S13,1.2987715388156351,8.0743403472928e-05
0g_light,AT5G40382,S12,3.6395481221511217,0.001173955376518
0g_light,AT5G40420,S12,6.441701782274516,0.0010816183315249
0g_light,AT5G41570,S12,1.5740644085008533,0.0142210275360959
0g_light,AT5G41590,S11,1.402340976636808,0.0056142148192105
0g_light,AT5G43030,S15,1.6249506360800892,0.00065013413516
0g_light,AT5G43180,S13,1.1245151469255612,0.0033881023817383
0g_light,AT5G43200,S12,1.4289481503335135,0.0176627241174882
0g_light,AT5G43540,S12,1.1719740521131978,0.0071617020527456
0g_light,AT5G44120,S12,5.8631563280174674,0.003434824832469
0g_light,AT5G44160,S15,1.3276398741010624,0.0002356490580337
0g_light,AT5G44310,S13,4.2424630406021615,0.0031502611091147
0g_light,AT5G45580,S15,1.4971733482561866,0.0053510667522245
0g_light,AT5G45690,S11,3.4929870069289155,0.0040914984682578
0g_light,AT5G46060,S15,1.0158255195587584,0.0030411875631942
0g_light,AT5G48070,S13,2.0844743869062783,0.0008116639507508
0g_light,AT5G48130,S12,1.0163377811047412,0.015273564221642
0g_light,AT5G50600,S12,1.8254647162253572,0.0399871885950499
0g_light,AT5G50710,S12,1.8805575598838464,0.0076148427953638
0g_light,AT5G50800,S12,1.6065958830737934,0.0455388756168129
0g_light,AT5G51760,S11,3.8358547239862313,0.0042645904706659
0g_light,AT5G54030,S15,2.3803564230700704,0.000596401006652
0g_light,AT5G54040,S15,1.6885911036936831,0.0002548320628751
0g_light,AT5G55240,S11,5.323458984233786,0.0118716873068163
0g_light,AT5G55770,S13,2.4188312682328914,0.0006150545875723
0g_light,AT5G55780,S12,1.8728288846347856,0.0137772954332314
0g_light,AT5G58860,S12,1.740276885690866,0.0037477558753905
0g_light,AT5G59310,S12,5.118673886793609,0.0008831594637791
0g_light,AT5G59320,S13,3.747301468768166,0.0001530755697203
0g_light,AT5G60760,S15,1.5165141189940674,9.432555411198158e-05
0g_light,AT5G61620,S13,1.1567933278979352,0.0237120641096315
0g_light,AT5G62420,S15,3.1669567071269102,0.000845727993547
0g_light,AT5G62800,S12,5.200747397151773,0.000429732221233
0g_light,AT5G65100,S13,3.4850190394067297,0.0034629944541212
0g_light,AT5G66400,S11,3.357573597713228,0.0089863911788363
0g_light,AT5G66816,S12,1.5431859346544137,0.0427263789344404
0g_light,AT5G66980,S11,1.1946414966049306,0.036800963239251
03g_light,AT1G01190,S13,1.2140027739366328,0.0095176530015402
03g_light,AT1G04560,S11,3.8382498936831815,0.0201736943928513
03g_light,AT1G06080,S12,1.8723495981463825,0.0095324180571613
03g_light,AT1G08290,S13,1.7982915532544963,3.742088139761204e-05
03g_light,AT1G08430,S12,1.0477816020994115,0.0049927475522336
03g_light,AT1G08440,S12,1.5002435436174688,0.0022511786010728
03g_light,AT1G08670,S12,1.050731559157336,0.0084405255881843
03g_light,AT1G09930,S12,2.550152094291074,0.0023079107574397
03g_light,AT1G09932,S13,1.530070123920355,0.0060874832045902
03g_light,AT1G11920,S12,1.422571427538243,0.0381122544784241
03g_light,AT1G12130,S13,1.7546171800404136,0.0130244095754753
03g_light,AT1G15630,S15,1.2896638198814807,0.0473695596135917
03g_light,AT1G17310,S15,2.7216855227841914,4.209815937348077e-05
03g_light,AT1G18100,S11,3.281048465772116,1.536839624827962e-05
03g_light,AT1G18835,S15,1.778113414011225,0.0028460261458384
03g_light,AT1G20070,S13,1.3584118425506946,0.0007415530914026
03g_light,AT1G23201,S15,2.6763070860831717,0.0030160259433983
03g_light,AT1G23965,S11,1.5767180218075174,0.023104926938589
03g_light,AT1G25310,S12,1.520611032853998,0.0478950244612749
03g_light,AT1G27461,S11,5.486315296426849,0.0011415608106809
03g_light,AT1G30710,S12,2.422982885807018,0.0008984379029991
03g_light,AT1G30920,S12,1.5787384129751287,0.042604094646151
03g_light,AT1G48000,S15,1.7703750291276572,0.000101670495057
03g_light,AT1G48690,S15,1.851644302724617,4.98813610800984e-05
03g_light,AT1G48990,S11,2.620360131678031,0.0247889013871675
03g_light,AT1G52130,S12,2.629031040674876,0.0006194358390852
03g_light,AT1G52690,S13,2.8092613251888587,0.0394747183012746
03g_light,AT1G54020,S12,1.4470310751033757,0.0166936584554113
03g_light,AT1G54860,S12,2.9157465706870713,0.0348211966587735
03g_light,AT1G55230,S12,1.7625951799952075,0.0385939716750739
03g_light,AT1G58330,S11,2.091569903148982,0.0004641712239694
03g_light,AT1G59730,S12,1.4775059464644664,0.0013604454481896
03g_light,AT1G60450,S12,1.3802304904356433,0.0129350012930103
03g_light,AT1G61590,S15,1.1405737290744882,0.0003307145412329
03g_light,AT1G62262,S15,1.4273731315657447,0.0241083654418394
03g_light,AT1G62420,S13,2.163471929947012,0.0001706551617433
03g_light,AT1G63055,S12,2.398717558174039,0.022181942272307
03g_light,AT1G63930,S13,1.1391219117079685,0.0309437494473308
03g_light,AT1G64295,S12,3.41237231815349,0.0002301148799196
03g_light,AT1G64940,S15,1.677104587529128,0.0010804294728923
03g_light,AT1G65300,S12,1.159482332277178,0.043261260976012
03g_light,AT1G66390,S12,1.8034335149670075,0.0116540076375316
03g_light,AT1G66470,S12,1.0330598896819223,0.004415015268863
03g_light,AT1G66780,S15,1.951465996238968,0.0047600495550504
03g_light,AT1G68240,S12,1.807201634505186,0.0152940478562988
03g_light,AT1G68360,S15,1.503973643572808,0.000216700790353
03g_light,AT1G68750,S11,1.1579977538693875,0.0017422765229488
03g_light,AT1G69240,S12,1.3928103907551834,0.001610099950244
03g_light,AT1G70270,S12,2.2266656852333733,0.0014939028963766
03g_light,AT1G70440,S11,1.9103930474413455,0.0064593555418389
03g_light,AT1G73010,S13,1.5349827348480771,0.0152418725080027
03g_light,AT1G75160,S12,1.0575867583696914,0.0349885988407381
03g_light,AT1G76210,S12,1.9052163680233032,0.0017458303230315
03g_light,AT1G77950,S12,3.036824626183362,0.0100453980814441
03g_light,AT1G79860,S12,1.32879226468635,0.0359824748938807
03g_light,AT2G02000,S12,1.4804033242964756,0.0081500921566406
03g_light,AT2G02120,S13,3.4994070912920203,0.0061546112561172
03g_light,AT2G04170,S15,1.3712390166019726,0.0007158070541088
03g_light,AT2G05510,S12,1.947369322844941,0.0001296976942365
03g_light,AT2G05530,S12,1.472518631902396,0.0484157468537264
03g_light,AT2G16740,S12,1.230536050122237,0.0001706551617433
03g_light,AT2G17080,S12,1.3885573326255156,0.0001364437563148
03g_light,AT2G18010,S15,1.4893329830497588,0.0223564238142666
03g_light,AT2G18150,S12,1.942983634832763,0.0217726583906575
03g_light,AT2G19500,S12,2.272035214764577,0.0300453573127174
03g_light,AT2G21900,S12,5.050633378241682,0.0014887500710318
03g_light,AT2G23030,S15,1.2723633453772558,0.001334419096081
03g_light,AT2G23960,S15,1.1230164459057723,0.0265950109350077
03g_light,AT2G24740,S12,2.534130215161318,2.331342290336221e-06
03g_light,AT2G24800,S13,2.6254025528784024,0.0016571699214689
03g_light,AT2G25340,S12,2.865258111661644,0.0024422958998839
03g_light,AT2G25940,S15,1.172650387235842,0.0003049357257116
03g_light,AT2G26400,S12,4.468149893765607,3.917007797526273e-05
03g_light,AT2G27220,S13,2.8933073709588686,0.0031351644372138
03g_light,AT2G28680,S12,2.0823961109930456,0.0039958206581962
03g_light,AT2G29380,S13,4.079581484502353,0.0002171273557537
03g_light,AT2G30670,S12,2.570767803474105,0.0065877274016926
03g_light,AT2G30680,S11,1.6399425871349536,0.0117102274392922
03g_light,AT2G31083,S12,2.001617540639341,0.0330042999744467
03g_light,AT2G31180,S15,1.52040457749321,0.0001606273788964
03g_light,AT2G31930,S12,1.4565986485907394,0.0151759859682139
03g_light,AT2G32130,S11,2.563965352914383,0.001037326492919
03g_light,AT2G32830,S13,1.3538029672322769,0.0212385365139838
03g_light,AT2G33160,S11,2.4259425803353043,0.0002947248144459
03g_light,AT2G34140,S13,1.0588268785580894,0.0001551739513011
03g_light,AT2G37740,S12,1.823396266120766,0.0020919603802434
03g_light,AT2G38240,S11,1.4195713444656448,0.0184543201075695
03g_light,AT2G38530,S13,1.370241878961366,0.0277687474845053
03g_light,AT2G38920,S13,1.1690743248920736,0.0356662832279019
03g_light,AT2G39490,S15,1.282409398345073,0.0303453856102481
03g_light,AT2G40220,S11,2.91794183731667,0.0426470269273794
03g_light,AT2G41230,S13,2.9287578211833987,3.2396332342392084e-05
03g_light,AT2G41690,S12,1.1128795932020747,0.0089362454983656
03g_light,AT2G42660,S12,1.0822323796141438,0.0124420026921975
03g_light,AT2G43470,S11,1.3506391247169045,0.0103681646652873
03g_light,AT2G43660,S13,2.1815463542029767,0.0141515809106723
03g_light,AT2G45220,S15,1.0168844563897137,0.0001871419166976
03g_light,AT2G45760,S15,3.162298206025474,0.0001480290159841
03g_light,AT2G46990,S13,4.139530556019008,1.1617671653862662e-05
03g_light,AT2G47190,S15,1.5439258504441773,0.0002491859938473
03g_light,AT2G47270,S15,1.898976074199372,0.000115974532568
03g_light,AT2G47530,S12,1.3667282822986309,0.0272131712403668
03g_light,AT2G47870,S15,2.813573403027061,0.0004177807498462
03g_light,AT2G47880,S12,1.995720582566847,0.0498762642213081
03g_light,AT2G47950,S15,2.643368780609755,0.0018695119697672
03g_light,AT2G48090,S13,2.1883636480546538,0.0004543105684734
03g_light,AT3G02245,S12,1.2893139334505048,0.0027788225586175
03g_light,AT3G03240,S15,1.7162689904630812,0.0306383501063882
03g_light,AT3G03530,S13,1.3923876958778123,0.0176332147919669
03g_light,AT3G05860,S15,2.6778287041763327,0.000786472623156
03g_light,AT3G06020,S13,2.093558363924338,0.001372979519871
03g_light,AT3G06962,S12,1.4324466495825017,0.0412186957646886
03g_light,AT3G07255,S12,3.2710919818353976,0.0024492243100717
03g_light,AT3G10590,S11,1.2817602787465352,0.0466720876702789
03g_light,AT3G10750,S11,1.04693642629577,0.0262791836755538
03g_light,AT3G12500,S11,1.2170908831557266,0.0024942240298439
03g_light,AT3G12502,S15,1.0379412960572658,0.043447685608219
03g_light,AT3G14370,S15,1.3371751433554206,0.0005945318258165
03g_light,AT3G19200,S12,1.7097875987424496,0.0023497629749131
03g_light,AT3G20557,S12,2.026472583057734,0.0076388389121492
03g_light,AT3G21460,S12,2.9442834238713895,0.0020454793805914
03g_light,AT3G21520,S15,2.999486600561983,7.557742348697929e-05
03g_light,AT3G21720,S12,2.3883631898091493,0.0199453512027195
03g_light,AT3G22490,S12,4.176057825481086,0.0185140846101949
03g_light,AT3G22500,S11,4.635038178223778,0.0188646972989588
03g_light,AT3G22840,S13,1.0708174056744646,0.0454536116320065
03g_light,AT3G23630,S12,1.6672550207066212,0.0050336164205147
03g_light,AT3G25240,S11,2.317174211906844,0.0028421417797594
03g_light,AT3G25620,S13,1.6965377921977145,0.0012960274123714
03g_light,AT3G26820,S12,1.6844417200138582,0.0025228841637078
03g_light,AT3G27250,S13,1.0577558218839782,0.0005612012206983
03g_light,AT3G28600,S13,1.832711943454622,0.0263067139806994
03g_light,AT3G28917,S13,1.8064603429906507,0.0040215800971208
03g_light,AT3G30725,S12,2.8982549018350863,0.0195468224076308
03g_light,AT3G44290,S15,1.5327927588862074,0.0003283705941824
03g_light,AT3G44300,S13,1.1613366232469755,0.001537732386032
03g_light,AT3G44830,S11,1.4885035200162773,0.0268722571100991
03g_light,AT3G45280,S12,1.0202508511844626,0.0148406293799342
03g_light,AT3G46070,S11,1.6419851216334438,0.0167967736930743
03g_light,AT3G46080,S15,2.8766047004701947,3.917007797526273e-05
03g_light,AT3G46190,S15,1.043982073682716,0.0413028123797233
03g_light,AT3G47480,S13,1.2410406353503511,0.0315870719790724
03g_light,AT3G48510,S13,1.3290045216165571,0.0008291256428074
03g_light,AT3G48970,S15,1.5940592149949089,0.0005264821520079
03g_light,AT3G49700,S12,1.8752712484724583,0.0014952841448268
03g_light,AT3G49960,S12,1.5356774974424865,0.0097614951882894
03g_light,AT3G50330,S12,4.876409388694672,7.597481703794106e-05
03g_light,AT3G51810,S13,4.014287040146099,0.0307599623484594
03g_light,AT3G52780,S12,1.3183582094089186,0.0087363127514369
03g_light,AT3G55240,S13,2.2578770288901304,0.0018732024135534
03g_light,AT3G55700,S15,1.475437238940056,0.0321033620380366
03g_light,AT3G55970,S12,2.368007028610669,0.0132146764238886
03g_light,AT3G58060,S15,2.249666627033072,0.0211195870721375
03g_light,AT3G58390,S12,2.533932970823835,0.0040616456703205
03g_light,AT3G60140,S15,1.3924756609618627,0.0027421443502127
03g_light,AT3G60790,S12,3.187362583798505,0.000218350154507
03g_light,AT4G01533,S12,1.2946812968977768,0.0040433024875052
03g_light,AT4G02700,S12,1.0305880017779123,0.0073522442036257
03g_light,AT4G05490,S13,1.3276982254467584,0.029056684634469
03g_light,AT4G09600,S12,3.906416729566289,0.0089818021006006
03g_light,AT4G11650,S15,1.4276953403509252,0.0004756581780732
03g_light,AT4G11655,S15,1.2697205974356536,0.0022083878116998
03g_light,AT4G12470,S13,1.0196810671626708,0.0481752097909482
03g_light,AT4G12480,S12,2.956741357691016,0.0014512849699951
03g_light,AT4G13480,S11,4.06290879160662,0.0002031285349182
03g_light,AT4G13790,S13,2.980816016862105,0.000643155873787
03g_light,AT4G14060,S12,1.7643541718224711,0.0354730055953739
03g_light,AT4G16220,S12,2.395102118305896,0.0008448339382073
03g_light,AT4G16233,S12,1.8247120756495137,0.0085208029382336
03g_light,AT4G16270,S12,1.2794744274002872,0.0408918040726163
03g_light,AT4G17785,S12,3.229282496011277,0.0001162874518255
03g_light,AT4G18650,S15,3.813858594088915,0.0216520620242652
03g_light,AT4G18690,S12,1.787495596211223,0.0127865984852973
03g_light,AT4G19920,S12,1.4900313456695704,0.0015430324425589
03g_light,AT4G19925,S11,2.065718964640749,0.0054593156970534
03g_light,AT4G20000,S15,1.5135585226938797,0.0002795112414822
03g_light,AT4G21200,S12,1.5676854066469432,0.0032234281683335
03g_light,AT4G22080,S12,1.0935521117758866,0.0147568254666033
03g_light,AT4G23515,S15,1.267339406688222,0.0030443964577585
03g_light,AT4G24000,S13,2.004426128925011,0.0054537161865846
03g_light,AT4G25010,S12,2.8141821253392347,0.0414487422234431
03g_light,AT4G25140,S11,4.3773581572555225,0.0278570236634186
03g_light,AT4G25190,S13,1.2166750964023902,0.0026056413142058
03g_light,AT4G25760,S12,1.7208312101406371,0.0001812673219065
03g_light,AT4G25790,S11,1.2340105261674894,0.0031351644372138
03g_light,AT4G26200,S11,1.3501940045213472,0.0022031053699898
03g_light,AT4G26740,S11,5.168402070140115,0.0071771059720648
03g_light,AT4G28520,S11,5.65303644634681,0.0346862086635787
03g_light,AT4G28530,S15,1.195328259091831,0.000435867315307
03g_light,AT4G28800,S11,1.181374445495955,0.013322968689297
03g_light,AT4G28850,S12,1.5998729518896744,0.0169266589295043
03g_light,AT4G30110,S13,1.1451979267520809,0.0498710602584131
03g_light,AT4G30420,S12,1.1549763167463214,0.0015358161693311
03g_light,AT4G30450,S12,1.2286921606701706,0.003351347282522
03g_light,AT4G31610,S13,2.699198139701567,0.0010321429418943
03g_light,AT4G31830,S11,3.6359631125410656,0.0063320308967255
03g_light,AT4G33720,S12,2.6236867457223556,0.0157013324384326
03g_light,AT4G34210,S11,2.680311243739766,0.0086318935871502
03g_light,AT4G34320,S13,1.5879085591777162,0.005373955367022
03g_light,AT4G35180,S13,2.751105159062811,0.0001791911396384
03g_light,AT4G36620,S12,1.2312984146394217,0.0063503264686394
03g_light,AT4G36740,S13,1.0963028523989646,0.0139196503585462
03g_light,AT4G37970,S13,1.870229502952249,0.0001317274983274
03g_light,AT5G01870,S11,1.358155490186753,0.040254397592912
03g_light,AT5G03890,S13,1.3661305831462336,0.0008374089028478
03g_light,AT5G05340,S12,1.8128541874664856,0.0484175996441947
03g_light,AT5G05790,S13,1.1577222576917885,1.5305220056995324e-05
03g_light,AT5G07310,S12,1.9089669412084125,0.0006317463569428
03g_light,AT5G07330,S13,2.2631723905598777,0.037920550557331
03g_light,AT5G09970,S13,2.4701281043763887,0.0086318935871502
03g_light,AT5G13080,S15,1.847353211529568,0.0002623275129453
03g_light,AT5G13170,S13,1.9689955099208365,0.0156734883200638
03g_light,AT5G17090,S13,1.577951182683128,0.0050337962657636
03g_light,AT5G17800,S13,1.8396203993850209,0.0001966925517301
03g_light,AT5G19890,S12,5.445976560592741,0.0005640083545186
03g_light,AT5G20710,S13,1.0227660252983173,0.0023320672091083
03g_light,AT5G20820,S13,1.2796422380629011,0.0265850112957447
03g_light,AT5G22470,S12,3.676006748826807,0.020725177638603
03g_light,AT5G22500,S13,1.555561800848179,0.017884449381325
03g_light,AT5G22570,S15,2.44591263607333,3.2396332342392084e-05
03g_light,AT5G25110,S15,1.0600009332565823,0.0004014645710104
03g_light,AT5G38790,S12,1.1771454694711836,0.0114359538666541
03g_light,AT5G39720,S12,2.3591095050628694,0.007820970375659
03g_light,AT5G40800,S15,1.5797465060640228,4.139591595268346e-05
03g_light,AT5G43175,S15,2.276160551465653,0.0047763746004291
03g_light,AT5G43180,S13,1.0603602631436997,0.0023021666899266
03g_light,AT5G43370,S12,2.460065931782468,0.0008286820491206
03g_light,AT5G43590,S15,1.2322690079339969,0.0020454793805914
03g_light,AT5G43640,S12,1.605103585496853,0.0467171626107991
03g_light,AT5G43650,S12,2.0749705820388273,0.0364141841983893
03g_light,AT5G44350,S13,2.3882532232744773,5.934863060869672e-06
03g_light,AT5G44440,S12,2.4345500997609024,0.0297705094889234
03g_light,AT5G45180,S11,1.2933293885146595,0.0107328747117984
03g_light,AT5G45580,S15,1.04007504331239,0.0082243266466129
03g_light,AT5G47920,S12,1.5175434882605914,0.0019355386234538
03g_light,AT5G49620,S13,2.7560078460959527,3.0752153985058414e-05
03g_light,AT5G50360,S11,2.8549850418609823,0.0006656458872158
03g_light,AT5G50800,S12,2.302530122715849,0.0109554637961515
03g_light,AT5G52720,S15,3.3862024532825874,0.0018732024135534
03g_light,AT5G52760,S13,2.6495666248524925,0.00233347757506
03g_light,AT5G53950,S12,1.068698492908031,0.0291726948480827
03g_light,AT5G55135,S13,2.8151865101890476,0.002380669832203
03g_light,AT5G55240,S11,3.965098419001426,0.0301137507583568
03g_light,AT5G56080,S12,5.172464896761209,0.0001481634458361
03g_light,AT5G57510,S15,2.392725135811678,0.0002600415206073
03g_light,AT5G57520,S12,1.474737255885615,0.0422447930359232
03g_light,AT5G59520,S15,1.7940808650040774,0.0056771537718491
03g_light,AT5G60760,S15,1.085114936076958,0.042821296162109
03g_light,AT5G62800,S12,3.6964507234071298,0.0130315894546263
03g_light,AT5G63350,S13,1.440250188659899,0.0024422958998839
03g_light,AT5G63580,S13,1.208300193713986,0.0171894398860205
03g_light,AT5G64870,S11,1.0342308203653356,0.0172098133216879
03g_light,AT5G66260,S11,2.3041991015342047,0.0122780872468783
03g_light,AT5G66700,S11,1.1459695854628225,0.0005649051011299
03g_light,AT5G66816,S12,1.3799871788848703,0.0445832030196236
