contrast,GO,name,OSD37_fold,OSD37_padj,OSD314_polycomb_down_n,OSD314_n,OSD314_fold,OSD314_p,OSD314_padj_within_contrast
published,GO:0020037,heme binding,7.195527114395039,2.6108563540769615e-10,18,4,20.334650856389988,4.0041542715243675e-05,0.00020020771357621837
published,GO:0140825,lactoperoxidase activity,14.372779874213835,2.1051388041750964e-08,18,1,18.91421568627451,0.05228914473034026,0.0789139846517629
published,GO:0042744,hydrogen peroxide catabolic process,13.645044184380223,2.303250863938749e-08,18,1,17.863425925925924,0.05523978925623403,0.0789139846517629
published,GO:0004601,peroxidase activity,11.0939124243503,2.689646163824223e-08,18,1,13.124149659863944,0.07420852782093663,0.09276065977617079
published,GO:0098869,cellular oxidant detoxification,8.84176478933182,2.2391475407839013e-07,18,1,10.372311827956988,0.09281717123096662,0.10313019025662958
published,GO:0005576,extracellular region,2.812750471156554,3.10516685543173e-05,18,4,7.370582617000955,0.0018216628865515847,0.003643325773103169
published,GO:0004497,monooxygenase activity,5.764483906770255,8.364268741517162e-05,18,3,26.795138888888886,0.00019040622305323255,0.0006346874101774418
published,GO:0016705,"oxidoreductase activity, acting on paired donors, with incorporation or reduction of molecular oxygen",5.212565234845443,0.00016587581002105634,18,3,23.96583850931677,0.00026278603100466345,0.0006569650775116586
published,GO:0005506,iron ion binding,4.58705740666399,0.00017651653871229668,18,4,24.974110032362457,1.8166416395852987e-05,0.00018166416395852986
published,GO:0016020,membrane,1.7791616996204493,0.00017651653871229668,18,3,1.525098814229249,0.31379140097872155,0.31379140097872155
0g_light,GO:0020037,heme binding,7.195527114395039,2.6108563540769615e-10,314,15,4.371302333778103,3.674825291554534e-06,1.837412645777267e-05
0g_light,GO:0140825,lactoperoxidase activity,14.372779874213835,2.1051388041750964e-08,314,7,7.5897808167853125,6.54748055261216e-05,0.00021824935175373866
0g_light,GO:0042744,hydrogen peroxide catabolic process,13.645044184380223,2.303250863938749e-08,314,7,7.168126326963906,9.136479283439226e-05,0.00022841198208598063
0g_light,GO:0004601,peroxidase activity,11.0939124243503,2.689646163824223e-08,314,7,5.266378525932666,0.0005339679186292757,0.0010679358372585514
0g_light,GO:0098869,cellular oxidant detoxification,8.84176478933182,2.2391475407839013e-07,314,7,4.162137867269365,0.0019516512722598516,0.003252752120433086
0g_light,GO:0005576,extracellular region,2.812750471156554,3.10516685543173e-05,314,30,3.1688810614494556,5.621391766075379e-08,5.621391766075379e-07
0g_light,GO:0004497,monooxygenase activity,5.764483906770255,8.364268741517162e-05,314,7,3.584063163481953,0.00430699041039534,0.0061528434434219145
0g_light,GO:0016705,"oxidoreductase activity, acting on paired donors, with incorporation or reduction of molecular oxygen",5.212565234845443,0.00016587581002105634,314,7,3.205621711437275,0.007622339735363624,0.009338171287751239
0g_light,GO:0005506,iron ion binding,4.58705740666399,0.00017651653871229668,314,8,2.8632737616721293,0.008404354158976116,0.009338171287751239
0g_light,GO:0016020,membrane,1.7791616996204493,0.00017651653871229668,314,42,1.2239646534578685,0.10114619334168146,0.10114619334168147
03g_light,GO:0020037,heme binding,7.195527114395039,2.6108563540769615e-10,268,20,6.82880066072798,5.88405146246574e-11,5.884051462465739e-10
03g_light,GO:0140825,lactoperoxidase activity,14.372779874213835,2.1051388041750964e-08,268,6,7.622146619841966,0.0002051128619790586,0.00029301837425579804
03g_light,GO:0042744,hydrogen peroxide catabolic process,13.645044184380223,2.303250863938749e-08,268,6,7.198694029850746,0.00027376697585805413,0.00034220871982256764
03g_light,GO:0004601,peroxidase activity,11.0939124243503,2.689646163824223e-08,268,6,5.288836430094426,0.0012637092312277527,0.0014041213680308362
03g_light,GO:0098869,cellular oxidant detoxification,8.84176478933182,2.2391475407839013e-07,268,6,4.179886856042368,0.0038858732184074624,0.0038858732184074624
03g_light,GO:0005576,extracellular region,2.812750471156554,3.10516685543173e-05,268,22,2.722715220459308,3.1309108528359816e-05,6.261821705671963e-05
03g_light,GO:0004497,monooxygenase activity,5.764483906770255,8.364268741517162e-05,268,14,8.398476368159203,4.154750937707453e-09,2.0773754688537266e-08
03g_light,GO:0016705,"oxidoreductase activity, acting on paired donors, with incorporation or reduction of molecular oxygen",5.212565234845443,0.00016587581002105634,268,14,7.511680726800779,1.5507317247571117e-08,5.169105749190372e-08
03g_light,GO:0005506,iron ion binding,4.58705740666399,0.00017651653871229668,268,15,6.290120996956962,4.310682981206437e-08,1.0776707453016092e-07
03g_light,GO:0016020,membrane,1.7791616996204493,0.00017651653871229668,268,50,1.7072001651819952,0.00013519285499048294,0.00022532142498413825
