contrast,state,observed_odds,fisher_p,empirical_p,n_genes_in_state,null_mean,null_p99
published,S11,22.439802141862362,1.2781998952666437e-13,0.0,14,1.018649724329893,4.842143453179988
published,S12,4.154809734259312,0.0008218204490378424,0.0013,9,1.0304224371426725,3.0664079520697167
published,S13,5.706063720452209,0.002720362387187355,0.0036,5,1.0258208292261746,4.452151831061213
published,S15,1.4392936930744114,0.5061300110850749,0.5094,1,1.0250433312694165,4.532332251082251
0g_light,S11,1.8260215199489285,0.00024071022009142625,0.0003,48,1.0042514176504462,1.492712458517296
0g_light,S12,1.5462278925708157,3.2041237641355874e-05,0.0001,116,1.000598868634393,1.3044704346388607
0g_light,S13,2.9077060827432155,1.4976833265708935e-14,0.0,78,1.0022695313633156,1.478388543355314
0g_light,S15,3.089073902369891,1.3473237817036015e-12,0.0,60,1.0011142858644417,1.5705136182619825
03g_light,S11,1.8975680478763073,0.0004440813722910063,0.0003,38,1.0039515528575955,1.5731715289570947
03g_light,S12,1.8437418266914447,7.454136024808581e-08,0.0,103,1.00218731603581,1.3418725571054613
03g_light,S13,2.9543737520910907,3.828770647041465e-12,0.0,61,1.0032034850652478,1.5388245388245387
03g_light,S15,3.6059592804140634,9.314553991448318e-14,0.0,53,0.9979284108166532,1.6265310723142048
