contrast,padj,lfc,n_up,S11,S12,S13,S15
published,0.01,0.5,456,1.2852373019530003,1.0575904570528984,1.4058013872596857,2.616503184417275
published,0.01,1.0,241,2.261853631932372,1.329454995305899,2.299261689909762,3.2125438288920054
published,0.01,2.0,88,3.816214359326692,1.751008174386921,3.507977788711605,1.5409164172231176
published,0.05,0.5,998,1.693848128299014,1.2047092356339064,2.0494717530208137,2.9137255077271083
published,0.05,1.0,508,3.2364842881544345,1.9774905243826195,2.853645833333333,3.3943842718546278
published,0.05,2.0,189,6.658854166666667,3.3356575674634974,3.5671728199020776,1.4340766213529632
published,0.1,0.5,1415,1.4562804559251243,1.1818558227606453,2.0886217724812584,2.9409390301007163
published,0.1,1.0,709,2.8753833654176946,1.855058621705818,2.714110644257703,3.15726865967626
published,0.1,2.0,231,6.198884454713062,3.162037768647282,3.3594890510948905,1.4685065049536368
0g_light,0.01,0.5,2109,0.8668803452582323,0.6293672165939215,1.5954501869119915,2.4752565252181995
0g_light,0.01,1.0,956,1.7730504445813893,1.2631271158029527,3.0074344593713316,3.7590625089977254
0g_light,0.01,2.0,319,4.747368595168911,1.8963334713024282,4.164777021919879,3.5752723948565936
0g_light,0.05,0.5,3077,0.9946206676285851,0.866183229763668,1.7417486860965121,2.5230287239020863
0g_light,0.05,1.0,1457,1.8260215199489285,1.5462278925708157,2.9077060827432155,3.089073902369891
0g_light,0.05,2.0,483,3.548807408603887,1.9071752211846917,3.1319550673923464,2.6188007124480506
0g_light,0.1,0.5,3525,1.0039990513947898,0.903875407136977,1.8768121922368022,2.5927307139864744
0g_light,0.1,1.0,1674,1.8680926168045817,1.5752495994083568,2.959202682563338,2.812823997181539
0g_light,0.1,2.0,534,3.4219532961140757,1.8695097604259094,3.0263293185580094,2.4972465382778926
03g_light,0.01,0.5,1397,0.7443892519970952,0.9045173082408552,1.8278225115641598,3.0444427860696517
03g_light,0.01,1.0,775,1.2382800401989722,1.3998547976056421,2.614825198973887,3.933216194407737
03g_light,0.01,2.0,287,2.2841189142610943,1.6768804743069727,3.4444188747890503,2.933068870523416
03g_light,0.05,0.5,2103,1.0319395109229772,1.132425056387607,2.1163717411860055,3.4285692097415508
03g_light,0.05,1.0,1105,1.8975680478763073,1.8437418266914447,2.9543737520910907,3.6059592804140634
03g_light,0.05,2.0,355,3.1593074626865674,2.3112624331068807,3.379126550515207,2.7653066687287717
03g_light,0.1,0.5,2487,1.260212522872755,1.1500998484228762,2.2945621573566455,3.3326435726626356
03g_light,0.1,1.0,1255,2.245824470867185,1.8881761421195387,3.117831702839052,3.3499608875837033
03g_light,0.1,2.0,387,3.8452154533941347,2.514122316168314,3.525559565006535,2.525632310796187
