k,nuisance,draw,n_down,pc_padj
2,0,0,0,
2,0,1,0,
2,0,2,8,0.21449002423156208
2,0,3,3,1.0
2,0,4,10,0.6137721552277096
2,0,5,230,2.930440095099459e-12
2,0,6,291,0.0002870694969317951
2,0,7,0,
2,0,8,0,
2,0,9,279,2.0551017973090476e-12
2,0,10,283,4.320570063005938e-08
2,0,11,0,
2,0,12,0,
2,0,13,4,1.0
2,0,14,263,3.345907905849319e-07
2,0,15,0,
2,0,16,0,
2,0,17,6,1.0
2,0,18,1,
2,0,19,11,0.6352170046545766
3,0,0,0,
3,0,1,0,
3,0,2,0,
3,0,3,0,
3,0,4,0,
3,0,5,0,
3,0,6,0,
3,0,7,117,0.0002722355382475022
3,0,8,0,
3,0,9,0,
3,0,10,0,
3,0,11,0,
3,0,12,0,
3,0,13,0,
3,0,14,0,
3,0,15,0,
3,0,16,0,
3,0,17,0,
3,0,18,0,
3,0,19,0,
3,2,0,0,
3,2,1,0,
3,2,2,3,1.0
3,2,3,121,5.587220111552844e-08
3,2,4,0,
3,2,5,26,0.733001859086825
3,2,6,160,0.0005006454660372145
3,2,7,79,0.0067918414226862695
3,2,8,177,1.576537868117759e-08
3,2,9,0,
3,2,10,0,
3,2,11,82,0.027338318622145363
3,2,12,3,1.0
3,2,13,1,
3,2,14,1,
3,2,15,165,1.5883282224186215e-06
3,2,16,0,
3,2,17,0,
3,2,18,76,7.517771579521445e-06
3,2,19,236,0.0005053744646850045
4,0,0,0,
4,0,1,0,
4,0,2,0,
4,0,3,0,
4,0,4,0,
4,0,5,0,
4,0,6,0,
4,0,7,3,1.0
4,0,8,0,
4,0,9,5,1.0
4,0,10,0,
4,0,11,0,
4,0,12,0,
4,0,13,0,
4,0,14,0,
4,0,15,0,
4,0,16,1,
4,0,17,0,
4,0,18,1,
4,0,19,30,0.3819108690885273
4,2,0,1,
4,2,1,0,
4,2,2,46,0.09108681563286389
4,2,3,0,
4,2,4,2,
4,2,5,0,
4,2,6,0,
4,2,7,16,0.43489237205262776
4,2,8,51,0.016201583695971796
4,2,9,0,
4,2,10,0,
4,2,11,0,
4,2,12,0,
4,2,13,0,
4,2,14,0,
4,2,15,0,
4,2,16,0,
4,2,17,0,
4,2,18,0,
4,2,19,2,
6,0,0,82,0.0028725796231467288
6,0,1,71,0.000965126079688697
6,0,2,64,0.11387360460857199
6,0,3,111,1.9874072965875584e-06
6,0,4,97,5.0250533981827195e-06
6,0,5,79,0.0041510447274738654
6,0,6,164,6.381030039123327e-08
6,0,7,60,0.24009747235614556
6,0,8,65,0.12055652979939732
6,0,9,66,0.0005946122696495297
6,0,10,60,0.06004543868094521
6,0,11,79,0.0013527565042059989
6,0,12,57,0.3120835622838436
6,0,13,104,6.102188863625274e-06
6,0,14,99,8.883273346959374e-06
6,0,15,94,1.8876725592729354e-05
6,0,16,104,0.00024046386146317554
6,0,17,77,0.0018504087485860573
6,0,18,117,5.048352547604348e-07
6,0,19,35,0.7810386850148663
6,2,0,37,0.08149821147840262
6,2,1,45,0.0644644139143397
6,2,2,7,0.6677140702079764
6,2,3,37,0.3214606300698797
6,2,4,19,0.4302269321893982
6,2,5,136,0.00014904779185023607
6,2,6,130,1.865888019055619e-08
6,2,7,52,0.01205522253191748
6,2,8,2,
6,2,9,6,0.7489141067969238
6,2,10,38,0.33896527481760247
6,2,11,48,0.032573423584943924
6,2,12,59,0.10006027286084396
6,2,13,7,0.6677140702079764
6,2,14,1,
6,2,15,12,0.8805784124447535
6,2,16,8,0.04874289037231145
6,2,17,29,0.729992171864549
6,2,18,8,1.0
6,2,19,12,1.0
8,0,0,182,7.608853448715024e-11
8,0,1,182,7.608853448715024e-11
8,0,2,182,7.608853448715024e-11
8,0,3,182,7.608853448715024e-11
8,0,4,182,7.608853448715024e-11
8,0,5,182,7.608853448715024e-11
8,0,6,182,7.608853448715024e-11
8,0,7,182,7.608853448715024e-11
8,0,8,182,7.608853448715024e-11
8,0,9,182,7.608853448715024e-11
8,0,10,182,7.608853448715024e-11
8,0,11,182,7.608853448715024e-11
8,0,12,182,7.608853448715024e-11
8,0,13,182,7.608853448715024e-11
8,0,14,182,7.608853448715024e-11
8,0,15,182,7.608853448715024e-11
8,0,16,182,7.608853448715024e-11
8,0,17,182,7.608853448715024e-11
8,0,18,182,7.608853448715024e-11
8,0,19,182,7.608853448715024e-11
8,2,0,67,0.017893279250314843
8,2,1,163,5.552360410724707e-08
8,2,2,146,1.4583089356824397e-08
8,2,3,173,1.8690288292389856e-06
8,2,4,110,5.80862247118727e-05
8,2,5,148,1.6553006678696323e-06
8,2,6,151,3.1756445199586777e-09
8,2,7,160,4.816387550783263e-10
8,2,8,106,0.0009183191906692672
8,2,9,152,6.668811758541549e-08
8,2,10,199,4.467348800015554e-09
8,2,11,168,1.9906550135164206e-09
8,2,12,105,1.6583334934242217e-05
8,2,13,144,6.120242951623565e-06
8,2,14,99,4.978959206785466e-07
8,2,15,161,8.116900814487642e-08
8,2,16,162,4.337854729668638e-09
8,2,17,195,1.0938364611580832e-09
8,2,18,176,2.7930637116822844e-09
8,2,19,87,0.00242351370887448
