pool,k,nuisance,n_draws,mean_n_down,power
OSD-218 pooled Col-0 + WS (16 v 16; as published),2,0,20,55.6,0.15
OSD-218 pooled Col-0 + WS (16 v 16; as published),3,0,20,2.75,0.0
OSD-218 pooled Col-0 + WS (16 v 16; as published),3,2,20,80.1,0.35
OSD-218 pooled Col-0 + WS (16 v 16; as published),4,0,20,29.15,0.1
OSD-218 pooled Col-0 + WS (16 v 16; as published),4,2,20,11.2,0.15
OSD-218 pooled Col-0 + WS (16 v 16; as published),6,0,20,4.7,0.15
OSD-218 pooled Col-0 + WS (16 v 16; as published),6,2,20,1.75,0.0
OSD-218 pooled Col-0 + WS (16 v 16; as published),8,0,20,49.6,0.5
OSD-218 pooled Col-0 + WS (16 v 16; as published),8,2,20,12.4,0.2
OSD-218 pooled Col-0 + WS (16 v 16; as published),12,0,20,96.05,1.0
OSD-218 pooled Col-0 + WS (16 v 16; as published),12,2,20,95.3,0.95
OSD-218 pooled Col-0 + WS (16 v 16; as published),16,0,20,117.0,1.0
OSD-218 pooled Col-0 + WS (16 v 16; as published),16,2,20,111.6,1.0
OSD-218 Col-0 only (8 v 8),2,0,20,69.45,0.25
OSD-218 Col-0 only (8 v 8),3,0,20,5.85,0.05
OSD-218 Col-0 only (8 v 8),3,2,20,56.5,0.4
OSD-218 Col-0 only (8 v 8),4,0,20,2.0,0.0
OSD-218 Col-0 only (8 v 8),4,2,20,5.9,0.05
OSD-218 Col-0 only (8 v 8),6,0,20,84.25,0.7
OSD-218 Col-0 only (8 v 8),6,2,20,34.65,0.25
OSD-218 Col-0 only (8 v 8),8,0,20,182.0,1.0
OSD-218 Col-0 only (8 v 8),8,2,20,143.6,1.0
