accession,kind,state,odds_ratio,padj,n_set
OSD-120,up,17.0,3.6019103201939022,0.21277782977381926,7.0
OSD-120,up,12.0,2.840177139578337,0.43191379323485085,6.0
OSD-120,up,5.0,28.897108843537413,0.43191379323485085,1.0
OSD-120,up,23.0,0.19630075460464153,0.747456119400726,1.0
OSD-120,up,18.0,2.0635429618480465,0.9270726708631141,6.0
OSD-120,up,13.0,2.328115172269201,1.0,2.0
OSD-120,up,33.0,0.0,1.0,0.0
OSD-120,up,24.0,0.0,1.0,0.0
OSD-120,up,16.0,1.974479476502082,1.0,2.0
OSD-120,up,2.0,2.9424385138670854,1.0,1.0
OSD-120,up,32.0,0.0,1.0,0.0
OSD-120,up,15.0,1.5765575004705439,1.0,1.0
OSD-120,up,21.0,1.3335173937051352,1.0,3.0
OSD-120,up,11.0,1.2336217095533866,1.0,1.0
OSD-120,up,34.0,0.0,1.0,0.0
OSD-120,up,14.0,1.4391775128513618,1.0,2.0
OSD-120,up,29.0,1.1456566401517148,1.0,2.0
OSD-120,up,20.0,0.43525267249757044,1.0,1.0
OSD-120,up,30.0,0.4046485260770975,1.0,1.0
OSD-120,up,19.0,1.0719536870503596,1.0,3.0
OSD-120,up,4.0,0.0,1.0,0.0
OSD-120,up,6.0,0.0,1.0,0.0
OSD-120,up,3.0,0.0,1.0,0.0
OSD-120,up,1.0,0.0,1.0,0.0
OSD-120,up,10.0,0.7191131498470948,1.0,1.0
OSD-120,up,9.0,0.0,1.0,0.0
OSD-120,up,22.0,0.9265711704736095,1.0,2.0
OSD-120,up,25.0,0.0,1.0,0.0
OSD-120,up,28.0,0.0,1.0,0.0
OSD-120,up,27.0,0.0,1.0,0.0
OSD-120,up,7.0,0.0,1.0,0.0
OSD-120,up,8.0,0.0,1.0,0.0
OSD-120,up,31.0,0.0,1.0,0.0
OSD-120,up,26.0,0.0,1.0,0.0
OSD-120,up,35.0,0.0,1.0,0.0
OSD-120,up,36.0,0.0,1.0,0.0
OSD-120,down,19.0,11.4519118308592,0.06336569651977889,4.0
OSD-120,down,15.0,8.285326086956522,1.0,1.0
OSD-120,down,13.0,5.963161659513591,1.0,1.0
OSD-120,down,14.0,3.6882840501792113,1.0,1.0
OSD-120,down,30.0,2.126653439153439,1.0,1.0
OSD-120,down,2.0,0.0,1.0,0.0
OSD-120,down,5.0,0.0,1.0,0.0
OSD-120,down,1.0,0.0,1.0,0.0
OSD-120,down,8.0,0.0,1.0,0.0
OSD-120,down,7.0,0.0,1.0,0.0
OSD-120,down,6.0,0.0,1.0,0.0
OSD-120,down,9.0,0.0,1.0,0.0
OSD-120,down,12.0,0.0,1.0,0.0
OSD-120,down,11.0,0.0,1.0,0.0
OSD-120,down,3.0,0.0,1.0,0.0
OSD-120,down,4.0,0.0,1.0,0.0
OSD-120,down,16.0,0.0,1.0,0.0
OSD-120,down,10.0,0.0,1.0,0.0
OSD-120,down,18.0,0.0,1.0,0.0
OSD-120,down,17.0,0.0,1.0,0.0
OSD-120,down,21.0,0.0,1.0,0.0
OSD-120,down,22.0,0.0,1.0,0.0
OSD-120,down,23.0,1.0317341668931774,1.0,1.0
OSD-120,down,20.0,0.0,1.0,0.0
OSD-120,down,24.0,0.0,1.0,0.0
OSD-120,down,25.0,0.0,1.0,0.0
OSD-120,down,27.0,0.0,1.0,0.0
OSD-120,down,26.0,0.0,1.0,0.0
OSD-120,down,28.0,0.0,1.0,0.0
OSD-120,down,29.0,0.0,1.0,0.0
OSD-120,down,31.0,0.0,1.0,0.0
OSD-120,down,32.0,0.0,1.0,0.0
OSD-120,down,33.0,0.0,1.0,0.0
OSD-120,down,34.0,0.0,1.0,0.0
OSD-120,down,35.0,0.0,1.0,0.0
OSD-120,down,36.0,0.0,1.0,0.0
OSD-251,down,16.0,inf,0.868972807893346,1.0
OSD-251,down,1.0,0.0,1.0,0.0
OSD-251,down,3.0,0.0,1.0,0.0
OSD-251,down,2.0,0.0,1.0,0.0
OSD-251,down,5.0,0.0,1.0,0.0
OSD-251,down,6.0,0.0,1.0,0.0
OSD-251,down,7.0,0.0,1.0,0.0
OSD-251,down,4.0,0.0,1.0,0.0
OSD-251,down,8.0,0.0,1.0,0.0
OSD-251,down,9.0,0.0,1.0,0.0
OSD-251,down,11.0,0.0,1.0,0.0
OSD-251,down,10.0,0.0,1.0,0.0
OSD-251,down,12.0,0.0,1.0,0.0
OSD-251,down,13.0,0.0,1.0,0.0
OSD-251,down,14.0,0.0,1.0,0.0
OSD-251,down,15.0,0.0,1.0,0.0
OSD-251,down,17.0,0.0,1.0,0.0
OSD-251,down,18.0,0.0,1.0,0.0
OSD-251,down,19.0,0.0,1.0,0.0
OSD-251,down,20.0,0.0,1.0,0.0
OSD-251,down,21.0,0.0,1.0,0.0
OSD-251,down,22.0,0.0,1.0,0.0
OSD-251,down,23.0,0.0,1.0,0.0
OSD-251,down,24.0,0.0,1.0,0.0
OSD-251,down,25.0,0.0,1.0,0.0
OSD-251,down,26.0,0.0,1.0,0.0
OSD-251,down,27.0,0.0,1.0,0.0
OSD-251,down,28.0,0.0,1.0,0.0
OSD-251,down,29.0,0.0,1.0,0.0
OSD-251,down,30.0,0.0,1.0,0.0
OSD-251,down,31.0,0.0,1.0,0.0
OSD-251,down,32.0,0.0,1.0,0.0
OSD-251,down,33.0,0.0,1.0,0.0
OSD-251,down,34.0,0.0,1.0,0.0
OSD-251,down,35.0,0.0,1.0,0.0
OSD-251,down,36.0,0.0,1.0,0.0
OSD-314,up,11.0,22.439802141862362,4.601519622959917e-12,14.0
OSD-314,up,12.0,4.154809734259312,0.014792768082681164,9.0
OSD-314,up,13.0,5.706063720452209,0.03264434864624826,5.0
OSD-314,up,23.0,0.0,0.0730198230538756,0.0
OSD-314,up,36.0,8.214693381906496,0.1946922651767898,2.0
OSD-314,up,18.0,0.0,0.28629467757773225,0.0
OSD-314,up,19.0,0.0,0.37821894540604933,0.0
OSD-314,up,17.0,0.0,0.7191647743241315,0.0
OSD-314,up,27.0,4.973413631022327,0.7191647743241315,1.0
OSD-314,up,8.0,2.3508364148617713,0.7191647743241315,2.0
OSD-314,up,28.0,3.889809063722107,0.7191647743241315,1.0
OSD-314,up,29.0,0.0,0.7191647743241315,0.0
OSD-314,up,33.0,0.0,0.7191647743241315,0.0
OSD-314,up,24.0,0.0,0.7191647743241315,0.0
OSD-314,up,2.0,2.686255773212295,0.7586528234721394,1.0
OSD-314,up,32.0,0.0,0.8509782833120206,0.0
OSD-314,up,1.0,1.4538748589776969,0.8509782833120206,1.0
OSD-314,up,15.0,1.4392936930744114,0.8509782833120206,1.0
OSD-314,up,22.0,1.295735294117647,0.8509782833120206,3.0
OSD-314,up,20.0,0.39735531893916987,0.8509782833120206,1.0
OSD-314,up,21.0,0.38602844192906305,0.8509782833120206,1.0
OSD-314,up,30.0,0.3694156889809064,0.8509782833120206,1.0
OSD-314,up,16.0,0.0,0.9241650189039862,0.0
OSD-314,up,34.0,0.0,0.9241650189039862,0.0
OSD-314,up,10.0,1.3434547495153555,0.9241650189039862,2.0
OSD-314,up,14.0,1.3110911808669656,0.9241650189039862,2.0
OSD-314,up,9.0,0.0,1.0,0.0
OSD-314,up,3.0,0.0,1.0,0.0
OSD-314,up,4.0,0.0,1.0,0.0
OSD-314,up,5.0,0.0,1.0,0.0
OSD-314,up,6.0,0.0,1.0,0.0
OSD-314,up,7.0,0.0,1.0,0.0
OSD-314,up,31.0,0.0,1.0,0.0
OSD-314,up,25.0,0.0,1.0,0.0
OSD-314,up,26.0,0.0,1.0,0.0
OSD-314,up,35.0,0.0,1.0,0.0
OSD-314,down,15.0,10.560668137409392,0.0016629668633743554,6.0
OSD-314,down,14.0,4.675588611492728,0.053817535023707314,6.0
OSD-314,down,23.0,0.0,0.150435964757927,0.0
OSD-314,down,16.0,4.057701711491442,0.1919313133494098,4.0
OSD-314,down,21.0,2.8122380065207264,0.2034431875649494,6.0
OSD-314,down,13.0,3.4971830493053853,0.36945650437234073,3.0
OSD-314,down,19.0,0.0,0.5975487336351099,0.0
OSD-314,down,17.0,0.0,0.7734994317845727,0.0
OSD-314,down,33.0,0.0,0.9446269873740589,0.0
OSD-314,down,24.0,0.0,0.9446269873740589,0.0
OSD-314,down,20.0,1.831289040318001,0.9446269873740589,4.0
OSD-314,down,32.0,0.0,1.0,0.0
OSD-314,down,22.0,1.390674318507891,1.0,3.0
OSD-314,down,12.0,1.2792948038176033,1.0,3.0
OSD-314,down,30.0,0.3952257905746278,1.0,1.0
OSD-314,down,31.0,1.3570761800397744,1.0,1.0
OSD-314,down,18.0,1.2713709677419356,1.0,4.0
OSD-314,down,8.0,1.228216073005593,1.0,1.0
OSD-314,down,34.0,0.0,1.0,0.0
OSD-314,down,9.0,0.0,1.0,0.0
OSD-314,down,4.0,0.0,1.0,0.0
OSD-314,down,5.0,0.0,1.0,0.0
OSD-314,down,10.0,0.7023682526136121,1.0,1.0
OSD-314,down,2.0,0.0,1.0,0.0
OSD-314,down,1.0,0.0,1.0,0.0
OSD-314,down,3.0,0.0,1.0,0.0
OSD-314,down,11.0,0.0,1.0,0.0
OSD-314,down,25.0,0.0,1.0,0.0
OSD-314,down,28.0,0.0,1.0,0.0
OSD-314,down,27.0,0.0,1.0,0.0
OSD-314,down,6.0,0.0,1.0,0.0
OSD-314,down,7.0,0.0,1.0,0.0
OSD-314,down,29.0,0.5457587418437343,1.0,1.0
OSD-314,down,26.0,0.0,1.0,0.0
OSD-314,down,35.0,0.0,1.0,0.0
OSD-314,down,36.0,0.0,1.0,0.0
OSD-346,down,30.0,inf,1.0,1.0
OSD-346,down,1.0,0.0,1.0,0.0
OSD-346,down,3.0,0.0,1.0,0.0
OSD-346,down,2.0,0.0,1.0,0.0
OSD-346,down,5.0,0.0,1.0,0.0
OSD-346,down,6.0,0.0,1.0,0.0
OSD-346,down,7.0,0.0,1.0,0.0
OSD-346,down,4.0,0.0,1.0,0.0
OSD-346,down,9.0,0.0,1.0,0.0
OSD-346,down,10.0,0.0,1.0,0.0
OSD-346,down,11.0,0.0,1.0,0.0
OSD-346,down,12.0,0.0,1.0,0.0
OSD-346,down,13.0,0.0,1.0,0.0
OSD-346,down,14.0,0.0,1.0,0.0
OSD-346,down,15.0,0.0,1.0,0.0
OSD-346,down,8.0,0.0,1.0,0.0
OSD-346,down,16.0,0.0,1.0,0.0
OSD-346,down,17.0,0.0,1.0,0.0
OSD-346,down,19.0,0.0,1.0,0.0
OSD-346,down,18.0,0.0,1.0,0.0
OSD-346,down,21.0,0.0,1.0,0.0
OSD-346,down,22.0,0.0,1.0,0.0
OSD-346,down,23.0,0.0,1.0,0.0
OSD-346,down,20.0,0.0,1.0,0.0
OSD-346,down,24.0,0.0,1.0,0.0
OSD-346,down,25.0,0.0,1.0,0.0
OSD-346,down,27.0,0.0,1.0,0.0
OSD-346,down,26.0,0.0,1.0,0.0
OSD-346,down,28.0,0.0,1.0,0.0
OSD-346,down,29.0,0.0,1.0,0.0
OSD-346,down,31.0,0.0,1.0,0.0
OSD-346,down,32.0,0.0,1.0,0.0
OSD-346,down,33.0,0.0,1.0,0.0
OSD-346,down,34.0,0.0,1.0,0.0
OSD-346,down,35.0,0.0,1.0,0.0
OSD-346,down,36.0,0.0,1.0,0.0
OSD-37,up,33.0,0.0,1.1808635386527668e-08,0.0
OSD-37,up,20.0,2.4997571472445346,1.1800288492768764e-07,58.0
OSD-37,up,34.0,0.0,2.648359997656792e-05,0.0
OSD-37,up,21.0,2.0907028309183726,5.500012815972168e-05,51.0
OSD-37,up,32.0,0.12070273284997211,0.00019339209773083977,2.0
OSD-37,up,8.0,2.4056841885690448,0.0029970118986929386,21.0
OSD-37,up,15.0,0.0,0.005519841105093106,0.0
OSD-37,up,19.0,1.5974897057784758,0.013793964601479095,49.0
OSD-37,up,1.0,2.2925362789690276,0.013793964601479095,16.0
OSD-37,up,17.0,0.4590161570052751,0.013793964601479095,12.0
OSD-37,up,16.0,0.24578154086350806,0.014351990150361437,3.0
OSD-37,up,30.0,0.4954647956226147,0.020955002967437523,14.0
OSD-37,up,13.0,1.943670823066776,0.02529017748541697,19.0
OSD-37,up,22.0,1.5603452834878444,0.04052851143076842,37.0
OSD-37,up,27.0,2.3876171696387747,0.1476588596422715,5.0
OSD-37,up,18.0,0.6785967986567693,0.1476588596422715,25.0
OSD-37,up,31.0,0.35520082684964543,0.15602064793448928,3.0
OSD-37,up,29.0,1.3736427469916068,0.2166056518090259,27.0
OSD-37,up,28.0,1.8561895228561895,0.382890768666897,5.0
OSD-37,up,23.0,0.8101854928222129,0.382890768666897,44.0
OSD-37,up,12.0,0.7393147013916307,0.38865327102959235,20.0
OSD-37,up,26.0,1.8037640207075065,0.39039845818882135,3.0
OSD-37,up,2.0,1.5369287582705031,0.4665865863155118,6.0
OSD-37,up,7.0,1.6288143828960155,0.697017241726941,1.0
OSD-37,up,9.0,1.267493928354584,0.7434358746447235,3.0
OSD-37,up,24.0,0.8722871338669806,0.8926210994027244,20.0
OSD-37,up,25.0,0.6914601986679035,0.8926210994027244,4.0
OSD-37,up,36.0,1.1275333273284094,0.9662858413566469,3.0
OSD-37,up,10.0,1.0179838433292534,1.0,16.0
OSD-37,up,14.0,0.9282492488828562,1.0,15.0
OSD-37,up,4.0,0.0,1.0,0.0
OSD-37,up,11.0,0.9666973303061145,1.0,9.0
OSD-37,up,5.0,0.0,1.0,0.0
OSD-37,up,6.0,0.0,1.0,0.0
OSD-37,up,3.0,0.0,1.0,0.0
OSD-37,up,35.0,0.0,1.0,0.0
OSD-37,down,15.0,18.022142681685793,1.2302920805603186e-71,93.0
OSD-37,down,16.0,6.38459787261448,5.5716676026978234e-27,65.0
OSD-37,down,23.0,0.03222722839362317,2.085340574495456e-21,2.0
OSD-37,down,14.0,3.8908601924612345,5.392313737959605e-15,57.0
OSD-37,down,12.0,3.17889472368092,5.392313737959605e-15,76.0
OSD-37,down,24.0,0.0,3.793893854407784e-10,0.0
OSD-37,down,33.0,0.0,6.87371817721365e-10,0.0
OSD-37,down,19.0,0.11228141863495188,6.87371817721365e-10,4.0
OSD-37,down,18.0,0.20159474732532714,2.8755840985282093e-08,8.0
OSD-37,down,13.0,3.322974304555446,9.513278536265203e-08,32.0
OSD-37,down,32.0,0.0,2.569020028537886e-07,0.0
OSD-37,down,20.0,0.14382899973077592,2.569020028537886e-07,4.0
OSD-37,down,34.0,0.0,2.531434312045897e-06,0.0
OSD-37,down,10.0,2.3590763335686193,2.486317037505621e-05,36.0
OSD-37,down,22.0,0.2634561575982153,4.917358182208033e-05,7.0
OSD-37,down,21.0,0.31846146128850666,0.00018737559775301239,9.0
OSD-37,down,30.0,0.5157656581798601,0.016928241958727976,15.0
OSD-37,down,17.0,1.4670456130562142,0.06469951585429767,37.0
OSD-37,down,25.0,0.16535401650996334,0.06532926665098647,1.0
OSD-37,down,31.0,0.344451678719278,0.09679230334789293,3.0
OSD-37,down,28.0,0.0,0.21063868199520028,0.0
OSD-37,down,2.0,0.24135930076524137,0.3270797869478013,1.0
OSD-37,down,29.0,1.2771031746031747,0.33446178578880015,26.0
OSD-37,down,1.0,0.6636826949722285,0.68726295362745,5.0
OSD-37,down,27.0,1.3644979438437865,0.7034564238078103,3.0
OSD-37,down,11.0,0.7236102298641169,0.706105998883484,7.0
OSD-37,down,9.0,1.2291436565790443,0.9856125931376803,3.0
OSD-37,down,6.0,0.0,1.0,0.0
OSD-37,down,7.0,0.0,1.0,0.0
OSD-37,down,8.0,0.955463550533973,1.0,9.0
OSD-37,down,5.0,0.0,1.0,0.0
OSD-37,down,4.0,0.0,1.0,0.0
OSD-37,down,26.0,0.5707067258449983,1.0,1.0
OSD-37,down,3.0,0.0,1.0,0.0
OSD-37,down,35.0,0.0,1.0,0.0
OSD-37,down,36.0,0.7235016046491456,1.0,2.0
