accession,kind,state_group,odds_ratio,padj,n_set
OSD-120,up,Heterochromatin_TE,0.0,0.02450788341387425,0
OSD-120,up,Polycomb_repressed,2.355725806451613,0.037817123370841324,12
OSD-120,up,Accessible_promoter,1.2799608598409542,0.6704454179061787,23
OSD-120,up,Active_transcribed,0.6913580844350671,0.6704454179061787,5
OSD-120,up,Intergenic_quiet,0.7029277218664227,0.7953496375994928,3
OSD-120,down,Polycomb_repressed,3.039717196922437,0.6137721552277096,3
OSD-120,down,Active_transcribed,0.0,0.7436862190064794,0
OSD-120,down,Intergenic_quiet,1.1720512039012496,0.7436862190064794,1
OSD-120,down,Heterochromatin_TE,0.0,0.7436862190064794,0
OSD-120,down,Accessible_promoter,1.3909488643415664,0.7436862190064794,5
OSD-251,down,Accessible_promoter,inf,1.0,1
OSD-251,down,Active_transcribed,0.0,1.0,0
OSD-251,down,Heterochromatin_TE,0.0,1.0,0
OSD-251,down,Intergenic_quiet,0.0,1.0,0
OSD-251,down,Polycomb_repressed,0.0,1.0,0
OSD-314,up,Polycomb_repressed,11.84383497176323,3.0130486154676097e-15,31
OSD-314,up,Accessible_promoter,0.049333691822988836,2.1394415362396994e-10,2
OSD-314,up,Heterochromatin_TE,0.29937316752603377,0.10586744962089054,2
OSD-314,up,Intergenic_quiet,0.20358321296529425,0.10586744962089054,1
OSD-314,up,Active_transcribed,1.607372974963181,0.16420270828269726,11
OSD-314,down,Polycomb_repressed,4.219120053913546,6.240310964636118e-05,18
OSD-314,down,Heterochromatin_TE,0.1566237022071074,0.0967148627474057,1
OSD-314,down,Intergenic_quiet,0.44613821138211385,0.5371527015374351,2
OSD-314,down,Accessible_promoter,0.7700477275658941,0.5371527015374351,18
OSD-314,down,Active_transcribed,0.6736073782782132,0.5371527015374351,5
OSD-346,down,Intergenic_quiet,inf,0.48188171727256707,1
OSD-346,down,Accessible_promoter,0.0,1.0,0
OSD-346,down,Active_transcribed,0.0,1.0,0
OSD-346,down,Heterochromatin_TE,0.0,1.0,0
OSD-346,down,Polycomb_repressed,0.0,1.0,0
OSD-37,up,Heterochromatin_TE,0.1100675825445559,3.496988815333893e-19,8
OSD-37,up,Active_transcribed,1.6585617724371011,1.3532208312774367e-05,117
OSD-37,up,Accessible_promoter,1.277512748354356,0.012036843994682543,262
OSD-37,up,Intergenic_quiet,0.8524131783743015,0.433922496976733,41
OSD-37,up,Polycomb_repressed,0.8930960379263317,0.433922496976733,63
OSD-37,down,Polycomb_repressed,7.013210114370243,1.6853043334173733e-92,265
OSD-37,down,Accessible_promoter,0.3757291941415639,1.0638698161921837e-23,129
OSD-37,down,Heterochromatin_TE,0.06623447845942533,1.8087301110793804e-23,5
OSD-37,down,Active_transcribed,0.7858750232471639,0.09503438886744993,66
OSD-37,down,Intergenic_quiet,0.8245079011190626,0.25543246851528045,41
