,ws_logfc,col_logfc
AT4G34530,9.14790041295396,0.0788809867267522
AT1G23730,3.02140104903748,-0.286253528286143
AT1G70830,1.6546521815002,0.0825382143021385
AT1G49200,1.96437337071687,0.3176239929311171
AT1G76410,1.88127332073239,-0.6355149950102716
AT4G15480,-1.4434972641552,0.5065139787793503
AT5G61590,1.60459745590791,-0.1448479753862452
AT3G52970,-1.1959324545076,-0.0311192155914173
AT4G04840,-1.16907916159277,0.1835243405582359
AT1G49570,1.90789246171346,-0.5698067634028172
AT5G06900,-1.15202990578144,0.5437681267271222
AT2G22590,-1.51395256090384,0.205414175262163
AT3G45130,-1.42428894794731,-0.4403853315898603
AT5G36140,-1.20472456067032,0.1364112672027484
AT1G25440,1.4938022701708,1.3388704507926092
AT5G06905,-1.07404960368788,0.0589103044952937
AT1G66970,1.03797915209444,1.3956556901718538
AT5G19890,1.30290558521667,-1.1131858368879226
AT3G02100,-1.19668058013161,0.4588459607490931
AT5G56550,1.15428769440623,0.0343595860735456
AT1G03130,1.12861625953318,0.6262797430252541
AT3G59940,1.06674783875298,0.2697976339308099
AT2G46790,-1.91569472841553,0.597374722077156
AT1G21400,1.57499493573778,-0.1169922326064517
AT2G18050,1.00149454103941,-0.848442945030853
AT3G14620,1.02224468413207,0.3668898995218307
AT3G21720,1.01334324985847,0.5514461738835215
AT5G64110,1.23441983949819,0.3828587544229001
AT1G16730,1.58162697214413,0.3290785643060217
AT4G24540,1.04899261709159,0.1934198169958912
AT5G43620,-2.05735911272754,0.4523483382894551
AT4G24570,-2.4191625870289,0.127132226108757
AT2G39330,1.12992471129714,0.0426932937925409
AT5G05410,-1.3835196062341,1.5552468968208244
AT3G16770,1.02244776267302,-0.1020583390381577
AT3G08940,1.04454870949022,0.7722344930563306
AT3G21790,1.17946839209168,0.6930482146844213
AT3G22840,-1.49619529363634,1.2630329428796847
AT4G14690,-1.13595654367669,0.3237338017132524
AT1G29910,1.10673034647977,1.364988342919055
AT3G53960,1.03538978518298,0.6291338320798393
AT2G05070,1.24112194957882,1.284199089854564
AT4G33720,1.64608938421779,-0.2646215700225913
AT1G80320,-1.00532161769548,0.43598210821091
AT1G14890,1.13080353170001,0.2628784606992732
AT1G15540,-1.07450736059149,0.0793911350998833
AT1G72645,1.23807292777003,1.0476448492850294
AT5G02760,1.52872633622253,0.0983212042062444
AT5G42530,1.09809797605716,0.330237272478064
AT3G26040,-1.01103454250626,0.3509781890918775
AT5G22460,1.46498941347432,-0.5782571490718209
AT2G05510,1.10430102439687,0.0308002149585203
AT3G51238,-1.24236807380944,-0.064501746312862
AT5G45950,1.66650670073828,0.0337211856356757
AT1G78460,1.27196815669575,-0.1135190441401874
AT5G54470,-1.48272472881343,0.7235151304178544
AT2G29310,1.07916522683404,0.3203989925252457
AT2G42975,1.03227098725669,0.4162529523761988
AT1G50750,-2.00048659734702,-0.1688141206732734
AT4G29780,-2.3033073008848,0.2963964330320645
AT4G27657,-2.21949554161858,0.690609405813757
AT5G54585,1.31756923679883,-0.091306655712588
AT3G50270,1.08136712030143,0.8372400634993513
